form_position,item_id,form_version,domain_code,domain_name,subarea_code,format,cognitive_level,scenario_id,scenario_order,scenario_text,exhibit_asset,stem,option_a,option_b,option_c,option_d,correct_option,rationale_correct,rationale_a,rationale_b,rationale_c,rationale_d,source_ref,study_guide_slug,shuffle_options,calculator_needed,status,author,reviewed_by,last_updated
1,D2-01,DIAG-1.0,2,Fundamental Planning Knowledge,2.3 Foundational legal principles,single,recall,,,,,The U.S. Supreme Court's decision in Village of Euclid v. Ambler Realty Co. (1926) is foundational to American planning because it held that:,Comprehensive zoning is a valid exercise of the police power and is not facially unconstitutional,A zoning ordinance that reduces property value is a compensable taking,Municipalities must adopt a comprehensive plan before adopting zoning,Use districts may not be applied to industrial property,A,"Euclid upheld comprehensive use-district zoning against a facial due process and equal protection challenge, grounding zoning in the police power to protect health, safety, and welfare.","Euclid upheld comprehensive use-district zoning against a facial due process and equal protection challenge, grounding zoning in the police power to protect health, safety, and welfare.",Euclid rejected that argument; the ordinance reduced the parcel's value substantially and was still upheld.,"The plan-first requirement comes from state enabling statutes and consistency doctrine, not from Euclid.","Euclid did the opposite, validating the separation of industrial from residential uses.","Village of Euclid v. Ambler Realty Co., 272 U.S. 365 (1926)",planning-law/euclid,TRUE,FALSE,review,All Aboard Planning,,2026-09-14
2,D8-01,DIAG-1.0,8,Areas of Practice,8.5 Transportation mobility and access planning,single,recall,,,,,"In the conventional functional classification of roadways, moving from arterials toward local streets, the design emphasis shifts:",From mobility toward access,From access toward mobility,From capacity toward speed,From public ownership toward private ownership,A,Arterials prioritize through movement with limited access points; collectors balance the two; local streets prioritize direct property access at low speeds.,Arterials prioritize through movement with limited access points; collectors balance the two; local streets prioritize direct property access at low speeds.,This reverses the relationship.,Both capacity and design speed generally decrease toward local streets.,Ownership is not the basis of functional classification.,Functional classification of roadways,transportation/functional-classification,TRUE,FALSE,review,All Aboard Planning,,2026-09-14
3,D4-01,DIAG-1.0,4,Plan and Policy Development,4.2 Planning as sequential steps and multivariate analyses,ordering,application,,,,,"Place the following comprehensive plan tasks in the order they are normally undertaken, from first to last:

I. Draft goals, objectives, and policies
II. Identify issues, opportunities, and stakeholders
III. Prepare and evaluate alternative growth scenarios
IV. Compile and analyze existing conditions data","IV, II, I, III","II, I, IV, III","IV, I, II, III","II, IV, I, III",D,Scoping identifies the issues and the people involved; existing conditions analysis then establishes the factual base; goals and policies follow from both; alternatives are generated and tested against those goals.,Collecting data before scoping produces analysis untethered to the questions the plan must answer.,Goals drafted before the conditions analysis rest on assumption rather than evidence.,This both front-loads data and sets goals before stakeholders are identified.,Scoping identifies the issues and the people involved; existing conditions analysis then establishes the factual base; goals and policies follow from both; alternatives are generated and tested against those goals.,"APA Content Outline 4.1, 4.2",plan-making/process-sequence,FALSE,FALSE,review,All Aboard Planning,,2026-09-14
4,D1-01,DIAG-1.0,1,Research and Assessment Methods,1.1 Conducting research and acquiring knowledge,single,analysis,S-RIVERTON,1,"Riverton (population 48,000) is preparing its first housing needs assessment in 15 years. Staff has three sources available: American Community Survey 5-year estimates; an online survey promoted through the city's social media accounts and e-newsletter, which drew 2,400 responses; and county assessor parcel records. Early survey results show that 71 percent of respondents rank 'protecting neighborhood character' as the top housing priority, while only 9 percent rank 'more rental options' first. Census data show the city is 44 percent renter-occupied.",,What is the most serious methodological problem with using the online survey results to characterize citywide housing priorities?,The sample size is too small to produce a usable margin of error,Online surveys cannot produce ordinal rankings suitable for analysis,"The survey measures opinion rather than behavior, which is never valid planning evidence","Respondents self-selected, so the sample likely over-represents residents already engaged with the city and under-represents renters",D,"A convenience sample recruited through city social media and an e-newsletter is self-selected. Coverage and self-selection bias, not sample size, are what make the 9 percent rental figure implausible in a city that is 44 percent renters.","2,400 responses is a large sample; the problem is who is in it, not how many.",Ranked-preference items are standard and analyzable in online instruments.,Opinion data are legitimate planning evidence when collected from a representative sample.,"A convenience sample recruited through city social media and an e-newsletter is self-selected. Coverage and self-selection bias, not sample size, are what make the 9 percent rental figure implausible in a city that is 44 percent renters.",APA Content Outline 1.1; standard survey methodology (coverage and self-selection bias),research-methods/survey-bias,TRUE,FALSE,review,All Aboard Planning,,2026-09-14
5,D1-02,DIAG-1.0,1,Research and Assessment Methods,1.2 Data and source interpretation and evaluation,single,recall,S-RIVERTON,2,"Riverton (population 48,000) is preparing its first housing needs assessment in 15 years. Staff has three sources available: American Community Survey 5-year estimates; an online survey promoted through the city's social media accounts and e-newsletter, which drew 2,400 responses; and county assessor parcel records. Early survey results show that 71 percent of respondents rank 'protecting neighborhood character' as the top housing priority, while only 9 percent rank 'more rental options' first. Census data show the city is 44 percent renter-occupied.",,Staff used ACS 5-year estimates rather than 1-year estimates. The primary reason is that:,1-year estimates are not published for geographies below a population threshold that Riverton does not meet,5-year estimates are collected from a complete enumeration of households,1-year estimates exclude group quarters population,5-year estimates are released more frequently than 1-year estimates,A,"ACS 1-year estimates are published only for geographies above a population threshold (65,000). Smaller places must rely on the 5-year estimates, which pool sample across a longer period for a smaller margin of error at the cost of currency.","ACS 1-year estimates are published only for geographies above a population threshold (65,000). Smaller places must rely on the 5-year estimates, which pool sample across a longer period for a smaller margin of error at the cost of currency.",No ACS product is a complete enumeration; the ACS is a sample survey. The decennial census is the enumeration.,Group quarters population is included in ACS products.,"Both are released annually; the 5-year product is a rolling average, not a more frequent one.","U.S. Census Bureau, ACS data product guidance",research-methods/census-acs,TRUE,FALSE,review,All Aboard Planning,,2026-09-14
6,D1-03,DIAG-1.0,1,Research and Assessment Methods,1.2 Data and source interpretation and evaluation,calculation,application,S-RIVERTON,3,"Riverton (population 48,000) is preparing its first housing needs assessment in 15 years. Staff has three sources available: American Community Survey 5-year estimates; an online survey promoted through the city's social media accounts and e-newsletter, which drew 2,400 responses; and county assessor parcel records. Early survey results show that 71 percent of respondents rank 'protecting neighborhood character' as the top housing priority, while only 9 percent rank 'more rental options' first. Census data show the city is 44 percent renter-occupied.",,"ACS data for Riverton show a median gross rent of $1,450 per month and a median renter household income of $46,000 per year. Using the conventional federal affordability threshold, the median renter household is:",Not cost burdened,Severely cost burdened,Indeterminate without utility allowance data,"Cost burdened, but not severely cost burdened",D,"$1,450 x 12 = $17,400; $17,400 / $46,000 = 37.8 percent of income. That exceeds the 30 percent cost-burden threshold but falls below the 50 percent severe-burden threshold.",37.8 percent is above the 30 percent threshold.,Severe cost burden begins at 50 percent of household income.,Gross rent already includes an estimate of utility costs.,"$1,450 x 12 = $17,400; $17,400 / $46,000 = 37.8 percent of income. That exceeds the 30 percent cost-burden threshold but falls below the 50 percent severe-burden threshold.",HUD cost burden definitions (30 percent / 50 percent of household income),housing/cost-burden,TRUE,TRUE,review,All Aboard Planning,,2026-09-14
7,D1-04,DIAG-1.0,1,Research and Assessment Methods,1.4 Community involvement to develop understanding of a community,roman,application,S-RIVERTON,4,"Riverton (population 48,000) is preparing its first housing needs assessment in 15 years. Staff has three sources available: American Community Survey 5-year estimates; an online survey promoted through the city's social media accounts and e-newsletter, which drew 2,400 responses; and county assessor parcel records. Early survey results show that 71 percent of respondents rank 'protecting neighborhood character' as the top housing priority, while only 9 percent rank 'more rental options' first. Census data show the city is 44 percent renter-occupied.",,"Before presenting findings, staff want to correct for the survey's limitations. Which steps would meaningfully improve the assessment?

I. Weight or benchmark survey results against ACS tenure and income distributions
II. Conduct targeted intercept surveys and focus groups with renters and residents of subsidized housing
III. Discard the survey entirely and rely on assessor records
IV. Report the survey findings separately and describe the sample rather than presenting them as citywide",I and II only,"I, II, and IV only",II and IV only,"I, II, III, and IV",B,"Benchmarking, supplemental targeted outreach, and transparent characterization of the sample all address the bias without discarding usable information.","Omits the transparency step, which is the minimum ethical obligation when reporting a biased sample.","Benchmarking, supplemental targeted outreach, and transparent characterization of the sample all address the bias without discarding usable information.","Omits benchmarking, the most direct correction available.","III is wrong; a biased sample still has value when its limits are disclosed, and assessor records say nothing about household need.","APA Content Outline 1.4, 1.5; AICP Code Principle A (full, clear, accurate information)",research-methods/triangulation,FALSE,FALSE,review,All Aboard Planning,,2026-09-14
8,D5-01,DIAG-1.0,5,Plan Implementation,5.1 Develop and interpret rules and regulations,exhibit,application,S-MIDTOWN,1,"The adopted Midtown Plan calls for mixed-use redevelopment along a transit corridor. A developer controls a 3.2-acre site in the MU district and has submitted a concept plan. The MU district standards are summarized in the table below. Assume 1 acre = 43,560 square feet.","| MU district standard | Requirement |
|---|---|
| Maximum floor area ratio | 2.5 |
| Maximum building height | 8 stories |
| Minimum off-street parking | 2 spaces per 1,000 sq ft of gross floor area |
| Maximum lot coverage | 70% |",What is the maximum gross floor area permitted on the site?,"139,392 square feet","243,936 square feet","348,480 square feet","435,600 square feet",C,"3.2 acres x 43,560 = 139,392 square feet of lot area. Maximum floor area = lot area x FAR = 139,392 x 2.5 = 348,480 square feet.","This is the lot area itself, equivalent to an FAR of 1.0.",This applies the 70 percent lot coverage figure rather than the FAR.,"3.2 acres x 43,560 = 139,392 square feet of lot area. Maximum floor area = lot area x FAR = 139,392 x 2.5 = 348,480 square feet.",This uses 4 acres rather than 3.2 acres.,Zoning dimensional standards; FAR computation,zoning/far-calculations,TRUE,TRUE,review,All Aboard Planning,,2026-09-14
9,D5-02,DIAG-1.0,5,Plan Implementation,5.1 Develop and interpret rules and regulations,calculation,application,S-MIDTOWN,2,"The adopted Midtown Plan calls for mixed-use redevelopment along a transit corridor. A developer controls a 3.2-acre site in the MU district and has submitted a concept plan. The MU district standards are summarized in the table below. Assume 1 acre = 43,560 square feet.",,"If the developer builds to the maximum permitted floor area, approximately how many off-street parking spaces does the ordinance require?",175 spaces,350 spaces,700 spaces,"1,400 spaces",C,"348,480 square feet divided by 1,000 equals 348.5 thousand-square-foot increments; multiplied by 2 spaces gives approximately 697 spaces.","This applies roughly 0.5 spaces per 1,000 square feet.","This applies 1 space per 1,000 square feet.","348,480 square feet divided by 1,000 equals 348.5 thousand-square-foot increments; multiplied by 2 spaces gives approximately 697 spaces.","This applies 4 spaces per 1,000 square feet.",Parking ratio computation,zoning/parking-ratios,TRUE,TRUE,review,All Aboard Planning,,2026-09-14
10,D5-03,DIAG-1.0,5,Plan Implementation,5.5 Identifying and mitigating implementation obstacles,single,analysis,S-MIDTOWN,3,"The adopted Midtown Plan calls for mixed-use redevelopment along a transit corridor. A developer controls a 3.2-acre site in the MU district and has submitted a concept plan. The MU district standards are summarized in the table below. Assume 1 acre = 43,560 square feet.",,Structured parking at this ratio would consume most of the project's feasibility margin and conflicts with the plan's transit objectives. Which regulatory response most directly addresses the conflict while remaining consistent with the adopted plan?,Amend the MU district to establish parking maximums and allow shared parking and transit-proximity reductions,Grant a parking variance for this application,Require the developer to build the full ratio and lease surplus spaces to the public,Rezone the site to a district with no parking requirement,A,"The defect is in the standard, not in this applicant's circumstances. Amending the district standard fixes it for every project in the corridor and implements the adopted plan.","The defect is in the standard, not in this applicant's circumstances. Amending the district standard fixes it for every project in the corridor and implements the adopted plan.",A variance requires a hardship unique to the property; economic difficulty shared by all sites in the district does not qualify.,This preserves the cost that makes the project infeasible.,Spot rezoning to evade a standard invites a legal challenge and leaves the flawed standard in place.,APA Content Outline 5.5; variance standards,zoning/parking-reform,TRUE,FALSE,review,All Aboard Planning,,2026-09-14
11,D5-04,DIAG-1.0,5,Plan Implementation,5.6 Drafting action steps and assigning responsibility,single,application,S-MIDTOWN,4,"The adopted Midtown Plan calls for mixed-use redevelopment along a transit corridor. A developer controls a 3.2-acre site in the MU district and has submitted a concept plan. The MU district standards are summarized in the table below. Assume 1 acre = 43,560 square feet.",,"The city wants binding assurance that the developer will construct the public plaza and complete the affordable units in phase one, in exchange for vesting the approved density for 10 years. The appropriate instrument is:",A conditional use permit,A development agreement,A planned unit development ordinance with no schedule attached,A letter of intent from the developer,B,"A development agreement is a negotiated contract that binds both parties, commonly exchanging vested rights and a fixed regulatory framework for specified public commitments and phasing.",A conditional use permit imposes conditions but does not vest the developer's rights for a defined term.,"A development agreement is a negotiated contract that binds both parties, commonly exchanging vested rights and a fixed regulatory framework for specified public commitments and phasing.",A PUD without phasing commitments provides no enforceable schedule.,A letter of intent is not enforceable.,APA Content Outline 5.6; development agreements,implementation/development-agreements,TRUE,FALSE,review,All Aboard Planning,,2026-09-14
12,D9-01,DIAG-1.0,9,AICP Code of Ethics and Professional Conduct,9.4 Upholding the rules of conduct (conflicts of interest),ethics_case,application,,,,,"Dana is a current planner in a city planning department. A developer with an application pending before the department retains Dana, on evenings and weekends, to prepare a market study for a project in a neighboring county and pays her a fee. Dana does not disclose the arrangement.",Definitely violates the AICP Code of Ethics and Professional Conduct,Possibly violates the AICP Code of Ethics and Professional Conduct,Does not violate the AICP Code of Ethics and Professional Conduct,Insufficient information to respond,A,"The rules of conduct bar public employees from accepting compensation from anyone other than their public employer where it may be perceived as related to their public office. Payment from an applicant with a pending matter is precisely that, and the failure to disclose compounds it.","The rules of conduct bar public employees from accepting compensation from anyone other than their public employer where it may be perceived as related to their public office. Payment from an applicant with a pending matter is precisely that, and the failure to disclose compounds it.",This is not a borderline case; the payment comes from a party with business before the planner's own agency.,The arrangement falls squarely within the conflict-of-interest rules.,The facts given are sufficient to identify the violation.,"AICP Code of Ethics and Professional Conduct (2022), Rules of Conduct",ethics/conflicts-of-interest,FALSE,FALSE,review,All Aboard Planning,,2026-09-14
13,D3-01,DIAG-1.0,3,Communication and Interaction,3.9 Outreach strategies and techniques,single,application,S-CORRIDOR,1,"You are the lead planner for a corridor plan covering a neighborhood that is 62 percent Spanish-speaking, has a high share of renters and shift workers, and has a long history of having a state highway widened through it. The city has held two weeknight open houses at city hall, each drawing fewer than 20 attendees, most of them from outside the study area. The council has asked you to fix the engagement before the draft plan is released.",,Which action is most likely to produce meaningful participation from residents of the study area?,Repeat the open house format with better graphic displays and more advance notice,Extend the written comment period by 30 days and publish the notice in the newspaper of record,Convene a technical advisory committee of agency staff to represent neighborhood interests,"Hold sessions at times and places residents already gather, with interpretation, childcare, and food, in partnership with trusted community organizations",D,"Going to where people already are, removing the practical barriers of language, childcare, and timing, and working through organizations residents already trust addresses the actual reasons for non-participation.","Better graphics do not remove language, transportation, childcare, or shift-work barriers.",A longer comment period advantages those already following the process.,Agency staff cannot represent residents; this substitutes proxies for the affected public.,"Going to where people already are, removing the practical barriers of language, childcare, and timing, and working through organizations residents already trust addresses the actual reasons for non-participation.",APA Content Outline 3.9,engagement/outreach-strategies,TRUE,FALSE,review,All Aboard Planning,,2026-09-14
14,D3-02,DIAG-1.0,3,Communication and Interaction,3.2 Nondiscriminatory and accessible electronic media,negative,application,S-CORRIDOR,2,"You are the lead planner for a corridor plan covering a neighborhood that is 62 percent Spanish-speaking, has a high share of renters and shift workers, and has a long history of having a state highway widened through it. The city has held two weeknight open houses at city hall, each drawing fewer than 20 attendees, most of them from outside the study area. The council has asked you to fix the engagement before the draft plan is released.",,The city is rebuilding the project website. All of the following improve accessibility for this audience EXCEPT:,Posting the existing scanned map exhibits as flattened image PDFs so formatting is preserved,"Providing full Spanish translation of the site, including the comment form",Adding alternative text to images and ensuring the site is navigable by keyboard alone,Offering a mobile-friendly comment form that does not require creating an account,A,"A flattened scanned image PDF contains no machine-readable text, so screen readers cannot interpret it and it is effectively unavailable to users with visual disabilities. Preserving formatting does not justify the barrier.","A flattened scanned image PDF contains no machine-readable text, so screen readers cannot interpret it and it is effectively unavailable to users with visual disabilities. Preserving formatting does not justify the barrier.","Full translation, including the interactive element, directly serves this population.",Alt text and keyboard navigability are core accessibility practices.,"Removing account requirements lowers a real participation barrier, especially on mobile.",APA Content Outline 3.2; WCAG accessibility principles,engagement/digital-accessibility,TRUE,FALSE,review,All Aboard Planning,,2026-09-14
15,D3-03,DIAG-1.0,3,Communication and Interaction,3.10 Evaluation of outreach strategy,single,analysis,S-CORRIDOR,3,"You are the lead planner for a corridor plan covering a neighborhood that is 62 percent Spanish-speaking, has a high share of renters and shift workers, and has a long history of having a state highway widened through it. The city has held two weeknight open houses at city hall, each drawing fewer than 20 attendees, most of them from outside the study area. The council has asked you to fix the engagement before the draft plan is released.",,"Six months later, the council asks whether the revised outreach worked. The most meaningful evaluation measure is:",Total number of participants across all events compared with the previous effort,The demographic profile of participants compared with the demographic profile of the study area,Number of website page views and social media impressions,Whether the final plan was adopted unanimously,B,"The stated problem was who was participating, not how many. Comparing participant characteristics against the population of the study area directly tests whether the gap closed.",Raw counts can rise while the same unrepresentative group participates more.,"The stated problem was who was participating, not how many. Comparing participant characteristics against the population of the study area directly tests whether the gap closed.","Impressions measure reach of a message, not participation by the target population.",Unanimous adoption may reflect the absence of the very voices you were trying to reach.,APA Content Outline 3.10,engagement/evaluating-outreach,TRUE,FALSE,review,All Aboard Planning,,2026-09-14
16,D6-01,DIAG-1.0,6,Administration and Management,6.1 Project or program management,single,recall,,,,,A planning department needs a consultant for a comprehensive plan update but has not settled on the methodology or the engagement approach. The appropriate first procurement step is to issue:,"A request for proposals specifying deliverables, schedule, and a not-to-exceed price","An invitation for bids, awarding to the lowest responsive bidder","A request for qualifications, to shortlist firms on experience and capability before scoping the work",A sole-source justification for the firm that prepared the last plan,C,An RFQ evaluates firms on qualifications when the scope is not yet fixed. A shortlist can then be engaged in a second step to define scope and price.,An RFP requires a defined scope to produce comparable proposals.,"Low-bid procurement suits well-specified commodities, not professional services with undefined scope.",An RFQ evaluates firms on qualifications when the scope is not yet fixed. A shortlist can then be engaged in a second step to define scope and price.,Sole-source procurement requires a justification that convenience does not supply.,APA Content Outline 6.1; RFQ vs RFP,administration/procurement,TRUE,FALSE,review,All Aboard Planning,,2026-09-14
17,D7-01,DIAG-1.0,7,Leadership,7.2 Ethical aspects of advocacy,single,analysis,,,,,A planner working for a nonprofit advocates publicly for a specific affordable housing proposal. The advocacy is consistent with professional obligations as long as the planner:,Identifies the interest being represented and does not misrepresent facts or suppress information the public needs to judge the proposal,"Presents only the evidence favorable to the proposal, since advocacy requires a consistent message","Refrains from advocacy altogether, because planners must remain neutral",Obtains permission from the local APA chapter before speaking publicly,A,Planners may advocate for a client or cause. What the profession requires is transparency about whose interest is represented and accuracy in the information provided.,Planners may advocate for a client or cause. What the profession requires is transparency about whose interest is represented and accuracy in the information provided.,Suppressing contrary evidence misrepresents the analysis.,Advocacy is an accepted role; neutrality is not required of all planners in all settings.,No chapter permission requirement exists.,APA Content Outline 7.2; AICP Code Principles A and B,leadership/advocacy-ethics,TRUE,FALSE,review,All Aboard Planning,,2026-09-14
18,D2-02,DIAG-1.0,2,Fundamental Planning Knowledge,2.3 Foundational legal principles,single,application,,,,,"A city conditions approval of a commercial building permit on the dedication of a public trail easement across the property. Under Nollan and Dolan, the city must demonstrate:",That the exaction serves a legitimate public purpose and nothing more,"An essential nexus between the condition and the impact of the development, and rough proportionality between the condition and that impact",That the property owner consented to the condition in writing,That the value of the easement does not exceed 10 percent of project cost,B,"Nollan supplies the essential nexus requirement and Dolan supplies rough proportionality, requiring an individualized determination that the exaction is related and roughly proportional to the development's impact.",A legitimate purpose alone is insufficient once an exaction is imposed on an individual permit.,"Nollan supplies the essential nexus requirement and Dolan supplies rough proportionality, requiring an individualized determination that the exaction is related and roughly proportional to the development's impact.",Consent obtained under permit pressure does not cure an unconstitutional condition.,No fixed percentage test exists; the standard is proportionality to impact.,Nollan v. California Coastal Commission (1987); Dolan v. City of Tigard (1994),planning-law/exactions,TRUE,FALSE,review,All Aboard Planning,,2026-09-14
19,D8-02,DIAG-1.0,8,Areas of Practice,8.11 Housing planning,single,application,,,,,"A city adopts an ordinance requiring that 12 percent of units in projects over 50 units be affordable at 60 percent of area median income, and offers a 20 percent density increase to offset the cost. The density increase functions as:",An inclusionary requirement,A cost offset intended to preserve project feasibility and strengthen the program's legal footing,A form of impact fee,A transfer of development rights,B,"The affordability requirement is the inclusionary mandate; the density bonus is the offset, which both maintains feasibility and helps rebut claims that the requirement is confiscatory.","The inclusionary requirement is the 12 percent set-aside, not the bonus.","The affordability requirement is the inclusionary mandate; the density bonus is the offset, which both maintains feasibility and helps rebut claims that the requirement is confiscatory.",An impact fee is a monetary exaction tied to infrastructure demand.,TDR involves severing and transferring rights between parcels.,Inclusionary housing program design,housing/inclusionary-zoning,TRUE,FALSE,review,All Aboard Planning,,2026-09-14
20,D4-02,DIAG-1.0,4,Plan and Policy Development,"4.5 Vision, goal, objective, policy, and priority statements",single,recall,,,,,'Increase the share of residents living within a 10-minute walk of a park from 52 percent to 75 percent by 2035' is best classified as a:,Objective,Goal,Vision statement,Implementation action,A,"An objective is a measurable, time-bound step toward a goal. The statement specifies a metric, a baseline, a target, and a horizon year.","An objective is a measurable, time-bound step toward a goal. The statement specifies a metric, a baseline, a target, and a horizon year.",A goal states a general desired end condition without a metric or deadline.,A vision describes the community's aspirational future state in qualitative terms.,"An action names a specific task and responsible party, such as acquiring a particular parcel.",APA Content Outline 4.5,plan-making/goals-objectives-policies,TRUE,FALSE,review,All Aboard Planning,,2026-09-14
21,D1-05,DIAG-1.0,1,Research and Assessment Methods,1.2 Data and source interpretation and evaluation,exhibit,application,,,,"| Industry | Local share of local employment | National share of national employment |
|---|---|---|
| Manufacturing | 8% | 10% |
| Health care | 14% | 13% |
| Accommodation and food service | 12% | 8% |
| Finance and insurance | 4% | 6% |","Using the location quotient method, which industries would an economic planner assign to the region's basic (export) sector?",Manufacturing and finance and insurance,Accommodation and food service only,Manufacturing only,Health care and accommodation and food service,D,"LQ = local share / national share. Health care is 14/13 = 1.08 and accommodation and food service is 12/8 = 1.50. Both exceed 1.0, indicating production beyond local demand and therefore export activity. Manufacturing (0.80) and finance (0.67) are below 1.0.","Both of these have LQs below 1.0, indicating the region imports these services.","Health care also exceeds 1.0, though by a smaller margin.",Manufacturing's LQ of 0.80 places it in the non-basic sector here.,"LQ = local share / national share. Health care is 14/13 = 1.08 and accommodation and food service is 12/8 = 1.50. Both exceed 1.0, indicating production beyond local demand and therefore export activity. Manufacturing (0.80) and finance (0.67) are below 1.0.",Economic base analysis; location quotient,economic-development/location-quotient,TRUE,TRUE,review,All Aboard Planning,,2026-09-14
22,D5-05,DIAG-1.0,5,Plan Implementation,5.1 Develop and interpret rules and regulations,single,recall,,,,,"A lawfully established use that does not comply with a newly adopted zoning ordinance is a nonconforming use. A jurisdiction that wishes to end such uses over time, without paying compensation, would typically use:",A moratorium,Inverse condemnation,Amortization over a period reasonably related to recovery of the owner's investment,A variance,C,"Amortization allows a nonconforming use to continue for a defined period thought sufficient to recoup investment, after which it must cease. Its availability and the reasonableness of the period vary by state.",A moratorium pauses new approvals; it does not terminate existing uses.,"Inverse condemnation is an owner's claim against the government, not a municipal tool.","Amortization allows a nonconforming use to continue for a defined period thought sufficient to recoup investment, after which it must cease. Its availability and the reasonableness of the period vary by state.",A variance authorizes deviation from a standard; it does not eliminate a use.,Nonconforming uses and amortization,zoning/nonconforming-uses,TRUE,FALSE,review,All Aboard Planning,,2026-09-14
23,D9-02,DIAG-1.0,9,AICP Code of Ethics and Professional Conduct,9.4 Upholding the rules of conduct (conflicts of interest),ethics_case,application,,,,,"Marcus is a senior planner assigned to review a site plan submitted by a firm in which his spouse is a principal. On learning of the assignment, Marcus immediately discloses the relationship in writing to his director, recuses himself, and the review is reassigned to another planner with no involvement by Marcus.",Definitely violates the AICP Code of Ethics and Professional Conduct,Possibly violates the AICP Code of Ethics and Professional Conduct,Does not violate the AICP Code of Ethics and Professional Conduct,Insufficient information to respond,C,Prompt written disclosure followed by genuine recusal is the prescribed response to a conflict. The existence of a conflict is not itself a violation; participating in the matter despite it would be.,Nothing here involves participation in the matter after the conflict was known.,The planner took exactly the steps the Code contemplates.,Prompt written disclosure followed by genuine recusal is the prescribed response to a conflict. The existence of a conflict is not itself a violation; participating in the matter despite it would be.,"The facts describe the disclosure, the recusal, and the reassignment, which is sufficient.","AICP Code of Ethics and Professional Conduct (2022), Rules of Conduct",ethics/disclosure-and-recusal,FALSE,FALSE,review,All Aboard Planning,,2026-09-14
24,D3-04,DIAG-1.0,3,Communication and Interaction,3.6 Culturally appropriate communication,single,recall,,,,,"On Sherry Arnstein's ladder of citizen participation, an agency that holds a hearing, records comments, and retains complete discretion over the outcome is operating at the level of:",Citizen control,Delegated power,Consultation,Manipulation,C,Consultation involves soliciting opinion with no assurance it will affect decisions. Arnstein groups it with informing and placation as degrees of tokenism.,Citizen control places decision authority with residents.,Delegated power gives participants dominant decision authority over a program.,Consultation involves soliciting opinion with no assurance it will affect decisions. Arnstein groups it with informing and placation as degrees of tokenism.,"Manipulation involves using participants to manufacture support, which is not described here.","Arnstein, A Ladder of Citizen Participation (1969)",engagement/arnstein-ladder,TRUE,FALSE,review,All Aboard Planning,,2026-09-14
25,D6-02,DIAG-1.0,6,Administration and Management,6.1 Project or program management,exhibit,analysis,,,,"| Task | Duration (weeks) | Predecessor |
|---|---|---|
| A. Scoping | 4 | None |
| B. Data collection | 6 | A |
| C. Public workshops | 5 | A |
| D. Draft plan | 8 | B and C |
| E. Adoption hearings | 3 | D |","Based on the schedule above, what is the minimum time from project start to completion of adoption hearings?",18 weeks,20 weeks,21 weeks,26 weeks,C,"Task D cannot begin until both B and C finish. The longest path is A(4) + B(6) + D(8) + E(3) = 21 weeks. The path through C totals 20 weeks, so C carries one week of float.",This omits a task from the critical path.,"This follows the path through C, which is not the longest path.","Task D cannot begin until both B and C finish. The longest path is A(4) + B(6) + D(8) + E(3) = 21 weeks. The path through C totals 20 weeks, so C carries one week of float.","This sums all durations, treating concurrent tasks B and C as sequential.",Critical path method,administration/critical-path,TRUE,TRUE,review,All Aboard Planning,,2026-09-14
26,D7-02,DIAG-1.0,7,Leadership,7.5 Institutional structures and accountability,single,application,,,,,A council rejects the staff recommendation and adopts a rezoning that the planner analyzed as inconsistent with the adopted plan. The planner's appropriate course is to:,Publicly state that the council acted improperly and request reconsideration,"Ensure the record accurately reflects the analysis and the decision, implement the decision, and recommend a plan amendment if the council's policy direction has genuinely changed",Refuse to process the implementing paperwork,"Resign, since continuing to serve implies agreement",B,"Elected officials make policy; planners ensure the record is accurate and then implement. If the decision signals a real policy shift, the correct professional response is to reconcile the plan with it through amendment.",Public attack on a lawful legislative decision exceeds the planner's role.,"Elected officials make policy; planners ensure the record is accurate and then implement. If the decision signals a real policy shift, the correct professional response is to reconcile the plan with it through amendment.","Refusing to implement a lawful decision is insubordination, not professional judgment.",Resignation is reserved for situations requiring participation in something improper.,APA Content Outline 7.5; planner and elected official roles,leadership/role-of-planner,TRUE,FALSE,review,All Aboard Planning,,2026-09-14
27,D2-03,DIAG-1.0,2,Fundamental Planning Knowledge,2.3 Foundational legal principles,single,recall,,,,,"The Standard State Zoning Enabling Act, first circulated in the 1920s, is significant primarily because it:",Created a federal zoning code applicable in all states,Required every municipality to prepare a housing element,Established the first national building code,"Provided a model delegating the state's police power to local governments to zone, which most states adopted in some form",D,"Zoning authority flows from the state police power. The SZEA supplied a model statute for delegating that authority to localities, and its structure, including the board of adjustment, still shapes most state zoning law.",There is no federal zoning code; zoning is a state and local power.,Housing element requirements come from later state statutes in a minority of states.,Building codes developed separately through model code organizations.,"Zoning authority flows from the state police power. The SZEA supplied a model statute for delegating that authority to localities, and its structure, including the board of adjustment, still shapes most state zoning law.","Standard State Zoning Enabling Act (U.S. Dept. of Commerce, 1920s)",planning-law/enabling-acts,TRUE,FALSE,review,All Aboard Planning,,2026-09-14
28,D8-03,DIAG-1.0,8,Areas of Practice,8.7 Hazard mitigation and resiliency planning,single,recall,,,,,A property in the FEMA-designated 100-year floodplain is correctly described as:,Subject to flooding once every 100 years,Ineligible for federal flood insurance,Having a 1 percent chance of flooding in any given year,Located above the base flood elevation,C,The 100-year floodplain is the area with a 1 percent annual chance of inundation. The annual-probability framing is used precisely because the century framing misleads owners.,The recurrence-interval phrasing wrongly implies a fixed schedule; multiple events can occur in consecutive years.,NFIP insurance is available in participating communities and is generally mandatory for federally backed mortgages in the mapped area.,The 100-year floodplain is the area with a 1 percent annual chance of inundation. The annual-probability framing is used precisely because the century framing misleads owners.,"The base flood elevation is the flood height within this area, not an elevation above it.",FEMA National Flood Insurance Program terminology,hazards/floodplain-basics,TRUE,FALSE,review,All Aboard Planning,,2026-09-14
29,D4-03,DIAG-1.0,4,Plan and Policy Development,4.1 Preparing to plan,roman,application,,,,,"A planner is scoping a small-area plan. Which belong in the scoping phase rather than later phases?

I. Establishing the geographic boundary and horizon year
II. Identifying the statutory and regulatory context that constrains what the plan can do
III. Adopting the zoning amendments that will implement the plan
IV. Determining which stakeholders have historically been excluded and how they will be reached",I and II only,"I, II, and IV only","II, III, and IV only","I, II, III, and IV",B,"Boundary and horizon, legal and regulatory constraints, and the engagement strategy are all scoping decisions. Zoning amendments are implementation and follow adoption.","Omits engagement planning, which must be designed at the outset to be effective.","Boundary and horizon, legal and regulatory constraints, and the engagement strategy are all scoping decisions. Zoning amendments are implementation and follow adoption.",III occurs after the plan is adopted.,III is not a scoping task.,"APA Content Outline 4.1, 4.7",plan-making/scoping,FALSE,FALSE,review,All Aboard Planning,,2026-09-14
30,D1-06,DIAG-1.0,1,Research and Assessment Methods,1.1 Conducting research and acquiring knowledge,single,recall,,,,,"A survey instrument produces nearly identical results each time it is administered to the same population, but the questions do not actually measure the concept the researchers intend to study. This instrument is:",Reliable but not valid,Valid but not reliable,Neither reliable nor valid,"Both reliable and valid, since consistency establishes validity",A,Reliability is consistency of measurement; validity is whether the instrument measures the intended construct. An instrument can be consistently wrong.,Reliability is consistency of measurement; validity is whether the instrument measures the intended construct. An instrument can be consistently wrong.,Reversed. Consistency across administrations is reliability.,The instrument is demonstrably reliable.,Reliability is necessary but not sufficient for validity.,Research methods fundamentals,research-methods/validity-reliability,TRUE,FALSE,review,All Aboard Planning,,2026-09-14
31,D5-06,DIAG-1.0,5,Plan Implementation,5.3 Proposal assessment for consistency,single,application,,,,,"An applicant requests a variance because the permitted density would yield a lower return than a neighboring property achieved under different zoning. Under the standards applied in most jurisdictions, the board of adjustment should:","Grant the variance, since equal treatment among neighbors is required",Grant the variance if the applicant agrees to conditions,Refer the request to the governing body for a use variance,"Deny the variance, because a variance requires a hardship arising from unique physical characteristics of the property, and reduced profitability is not such a hardship",D,"Variance standards generally require unnecessary hardship or practical difficulty arising from the physical characteristics of the parcel, not self-created or economic circumstances.",Differences from a neighbor's zoning are not grounds for a variance.,Conditions cannot cure the absence of the required hardship finding.,"The request is for a dimensional or economic accommodation, and referral does not supply the missing finding.","Variance standards generally require unnecessary hardship or practical difficulty arising from the physical characteristics of the parcel, not self-created or economic circumstances.",Variance standards; unnecessary hardship,zoning/variances,TRUE,FALSE,review,All Aboard Planning,,2026-09-14
32,D9-03,DIAG-1.0,9,AICP Code of Ethics and Professional Conduct,9.4 Upholding the rules of conduct (compliance and administration),ethics_case,application,,,,,"Two consulting firms are shortlisted for a large contract. The principal of one firm, an AICP member, files a charge of ethical misconduct against the competing firm's lead planner, knowing the allegation has no factual basis, and mentions the pending charge to the selection committee.",Definitely violates the AICP Code of Ethics and Professional Conduct,Possibly violates the AICP Code of Ethics and Professional Conduct,Does not violate the AICP Code of Ethics and Professional Conduct,Insufficient information to respond,A,"The rules of conduct expressly prohibit filing a frivolous charge of ethical misconduct against another planner. Using the charge to gain competitive advantage is an aggravating circumstance, not a defense.","The rules of conduct expressly prohibit filing a frivolous charge of ethical misconduct against another planner. Using the charge to gain competitive advantage is an aggravating circumstance, not a defense.","The facts state the member knew the allegation lacked basis, which removes the ambiguity.",Knowingly baseless charges are directly addressed by the rules.,Intent and the absence of factual basis are both given.,"AICP Code of Ethics and Professional Conduct (2022), Rules of Conduct",ethics/frivolous-charges,FALSE,FALSE,review,All Aboard Planning,,2026-09-14
33,D3-05,DIAG-1.0,3,Communication and Interaction,3.7 Processes and techniques for consensus,single,application,,,,,Two agencies are deadlocked over a shared drainage facility. They jointly retain a neutral third party who has no authority to impose an outcome but who structures the discussions and helps them reach their own agreement. This is:,Arbitration,Adjudication,Litigation,Mediation,D,"Mediation uses a neutral to facilitate a voluntary agreement. The neutral has no power to decide, which is the distinguishing feature.","An arbitrator hears the dispute and renders a decision, which may be binding.",Adjudication is decision by a judicial or quasi-judicial officer.,"Litigation is formal court proceeding, not a neutral-assisted negotiation.","Mediation uses a neutral to facilitate a voluntary agreement. The neutral has no power to decide, which is the distinguishing feature.",APA Content Outline 3.7; dispute resolution methods,engagement/mediation-arbitration,TRUE,FALSE,review,All Aboard Planning,,2026-09-14
34,D6-03,DIAG-1.0,6,Administration and Management,6.1 Project or program management,calculation,application,,,,,"A long-range division has 5 planners, each with 1,600 productive hours per year. Current commitments consume 4,200 hours for development review support and 3,000 hours for ongoing plan updates. How many hours remain for new work in the coming year?",500 hours,800 hours,"1,200 hours","1,800 hours",B,"Total capacity is 5 x 1,600 = 8,000 hours. Commitments total 4,200 + 3,000 = 7,200 hours, leaving 800 hours.",This understates available capacity.,"Total capacity is 5 x 1,600 = 8,000 hours. Commitments total 4,200 + 3,000 = 7,200 hours, leaving 800 hours.","This appears to use 1,680 hours per planner or drops part of a commitment.",This subtracts only one of the two commitments in part.,Workload and staff capacity analysis,administration/workload-planning,TRUE,TRUE,review,All Aboard Planning,,2026-09-14
35,D7-03,DIAG-1.0,7,Leadership,7.9 Discerning and promoting the public interest,single,analysis,,,,,"Two organized groups take opposing positions on a proposal, and a third group most affected by it has not participated. In discerning the public interest, the planner should:",Adopt the position held by the larger of the two organized groups,Remain neutral and present the two positions without analysis,"Take deliberate steps to surface the interests of the unrepresented group and weigh long-term and community-wide consequences, not only the views expressed","Defer entirely to the governing body, since the public interest is a political determination",C,"The Code describes a public interest attained through continuous and open debate, which obligates the planner to widen participation and to consider long-range consequences rather than tallying the loudest voices.",Counting organized voices substitutes mobilization for the public interest.,Presenting positions without analysis abdicates the professional contribution.,"The Code describes a public interest attained through continuous and open debate, which obligates the planner to widen participation and to consider long-range consequences rather than tallying the loudest voices.","The governing body decides, but the planner still owes independent analysis.",AICP Code Principle A; APA Content Outline 7.9,leadership/public-interest,TRUE,FALSE,review,All Aboard Planning,,2026-09-14
36,D2-04,DIAG-1.0,2,Fundamental Planning Knowledge,2.3 Foundational legal principles,single,application,,,,,"A city takes title to a blighted parcel through eminent domain and conveys it to a private developer as part of an adopted redevelopment plan. Under Kelo v. City of New London, this is:","Permissible, because economic development pursuant to a carefully considered plan can satisfy the public use requirement","Impermissible, because transfer to a private party can never be a public use",Permissible only if the property is left in public ownership,Impermissible unless the owner is paid double the appraised value,A,"Kelo held that economic development carried out under a comprehensive, carefully formulated redevelopment plan satisfies the federal public use requirement. Many states subsequently narrowed this authority by statute or constitutional amendment.","Kelo held that economic development carried out under a comprehensive, carefully formulated redevelopment plan satisfies the federal public use requirement. Many states subsequently narrowed this authority by statute or constitutional amendment.",The Court expressly rejected a categorical bar on transfers to private parties.,Continued public ownership is not required under the federal standard.,"The constitutional standard is just compensation, generally fair market value.","Kelo v. City of New London, 545 U.S. 469 (2005)",planning-law/eminent-domain,TRUE,FALSE,review,All Aboard Planning,,2026-09-14
37,D8-04,DIAG-1.0,8,Areas of Practice,8.8 Natural resources planning,ordering,recall,,,,,"Place the following NEPA steps for a major federal action in order, from first to last:

I. Publication of the final environmental impact statement
II. Record of Decision
III. Scoping, including identification of the purpose and need
IV. Publication of the draft environmental impact statement and public comment period","IV, III, I, II","III, I, IV, II","IV, I, III, II","III, IV, I, II",D,"Scoping defines purpose, need, and alternatives; a draft EIS is published for comment; a final EIS responds to comments; the Record of Decision concludes the process.",Scoping precedes preparation of the draft.,"The final EIS follows, rather than precedes, the draft and its comment period.",This inverts most of the sequence.,"Scoping defines purpose, need, and alternatives; a draft EIS is published for comment; a final EIS responds to comments; the Record of Decision concludes the process.",National Environmental Policy Act process,environment/nepa-process,FALSE,FALSE,review,All Aboard Planning,,2026-09-14
38,D4-04,DIAG-1.0,4,Plan and Policy Development,4.2 Planning as sequential steps and multivariate analyses,exhibit,application,,,,"| Year | Population |
|---|---|
| 2000 | 40,000 |
| 2010 | 48,000 |
| 2020 | 57,600 |","Using a geometric (constant rate of change) projection based on the observed trend, the approximate 2030 population would be:","64,000","66,400","69,100","72,000",C,"The population grew 20 percent in each decade (40,000 to 48,000 to 57,600). Applying the same rate: 57,600 x 1.20 = 69,120.",This understates the trend and corresponds to no standard method.,"This is the linear projection, adding the average absolute decadal increase of 8,800.","The population grew 20 percent in each decade (40,000 to 48,000 to 57,600). Applying the same rate: 57,600 x 1.20 = 69,120.","This overstates the rate; 72,000 implies 25 percent decadal growth.",Population projection methods (linear vs geometric),research-methods/projection-methods,TRUE,TRUE,review,All Aboard Planning,,2026-09-14
39,D1-07,DIAG-1.0,1,Research and Assessment Methods,1.1 Conducting research and acquiring knowledge,single,application,,,,,"A planner must survey a city whose population is 60 percent homeowners and 40 percent renters, and needs reliable separate estimates for each group. The most appropriate sampling approach is:",Simple random sample of all households,Stratified random sample with tenure as the stratifying variable,Cluster sample by census block group,Snowball sample beginning with neighborhood association contacts,B,"Stratifying on tenure guarantees adequate sample in each subgroup and permits separate, comparable estimates for owners and renters.",A simple random sample would likely yield enough renters here but does not guarantee it and does not control subgroup precision.,"Stratifying on tenure guarantees adequate sample in each subgroup and permits separate, comparable estimates for owners and renters.",Cluster sampling reduces cost but increases design effect and does not ensure tenure representation.,Snowball sampling is non-probability and would compound the engagement bias already present in association contacts.,Sampling design fundamentals,research-methods/sampling,TRUE,FALSE,review,All Aboard Planning,,2026-09-14
40,D5-07,DIAG-1.0,5,Plan Implementation,5.1 Develop and interpret rules and regulations,single,recall,,,,,"In a transfer of development rights program, the sending area is:","The area to be preserved, from which development potential is severed and sold",The area where additional development is encouraged through purchased rights,The area in which the municipality holds a right of first refusal on all sales,The area subject to a temporary development moratorium,A,"Development potential is severed from sending-area parcels, typically farmland or environmentally sensitive land placed under easement, and transferred to receiving areas where increased intensity is desired.","Development potential is severed from sending-area parcels, typically farmland or environmentally sensitive land placed under easement, and transferred to receiving areas where increased intensity is desired.",That describes the receiving area.,Rights of first refusal are a separate acquisition tool.,Moratoria are unrelated to the sending and receiving structure.,Transfer of development rights,implementation/tdr,TRUE,FALSE,review,All Aboard Planning,,2026-09-14
41,D9-04,DIAG-1.0,9,AICP Code of Ethics and Professional Conduct,9.1 Overall responsibility to the public,ethics_case,analysis,,,,,"A planner in a city's long-range division posts on a personal social media account, without identifying her employer, urging neighbors to oppose a rezoning that is pending before her city's planning commission. She is not assigned to the application, but her division's staff comments will be attached to the file.",Definitely violates the AICP Code of Ethics and Professional Conduct,Possibly violates the AICP Code of Ethics and Professional Conduct,Does not violate the AICP Code of Ethics and Professional Conduct,Insufficient information to respond,B,"Planners retain rights as residents, but the Code requires dealing fairly with all participants in the planning process and avoiding conduct that compromises the integrity of a pending proceeding. Whether this crosses the line turns on her division's role in the matter and on local rules governing employee participation, so the correct characterization is that it may violate the Code.","She is not assigned to the application and did not invoke her official position, so a categorical finding is not supported.","Planners retain rights as residents, but the Code requires dealing fairly with all participants in the planning process and avoiding conduct that compromises the integrity of a pending proceeding. Whether this crosses the line turns on her division's role in the matter and on local rules governing employee participation, so the correct characterization is that it may violate the Code.","Her division contributes to the record, which creates a real risk to the appearance of impartiality.","The facts are sufficient to identify a genuine risk; the answer is the degree, not the absence of information.","AICP Code of Ethics and Professional Conduct (2022), Principle A and Rules of Conduct",ethics/public-role-and-private-speech,FALSE,FALSE,review,All Aboard Planning,,2026-09-14
42,D3-06,DIAG-1.0,3,Communication and Interaction,3.1 Communication,ordering,application,,,,,"A planner is designing a three-month engagement process for a neighborhood plan. Place the steps in the order they should occur, from first to last:

I. Report back to participants how their input shaped the draft
II. Identify stakeholders and assess who has historically been excluded
III. Present alternatives and gather reactions
IV. Define the engagement objectives and the decisions that input will actually influence","IV, II, III, I","II, IV, III, I","IV, III, II, I","II, III, IV, I",A,"Engagement design begins by defining what input will influence, since that determines who must be at the table; stakeholder identification follows, then alternatives are tested, and closing the loop comes last.","Engagement design begins by defining what input will influence, since that determines who must be at the table; stakeholder identification follows, then alternatives are tested, and closing the loop comes last.",Identifying stakeholders before defining the decision at issue produces lists without purpose.,Alternatives cannot be tested before the stakeholders to test them with are identified.,Presenting alternatives before objectives are set inverts the process.,"APA Content Outline 3.1, 3.9",engagement/process-design,FALSE,FALSE,review,All Aboard Planning,,2026-09-14
43,D6-04,DIAG-1.0,6,Administration and Management,6.5 Results-oriented management and accountability,single,application,,,,,"A department reports that it processed 1,240 permits last year with an average review time of 12 days. These are:","Outcome measures, because they describe the effect of the department's work",Impact measures suitable for evaluating plan performance,"Benchmarks, because they can be compared to other cities","Output and efficiency measures, which describe volume and process speed rather than the results achieved",D,"Counts of work produced are outputs and processing time is an efficiency measure. Outcomes would describe conditions in the community, such as housing units delivered or compliance rates.",Neither figure describes an effect on community conditions.,Impact measures address longer-term change attributable to the program.,Comparability does not convert an output into a benchmark; a benchmark is a standard chosen for comparison.,"Counts of work produced are outputs and processing time is an efficiency measure. Outcomes would describe conditions in the community, such as housing units delivered or compliance rates.",APA Content Outline 6.5; performance measurement,administration/performance-measures,TRUE,FALSE,review,All Aboard Planning,,2026-09-14
44,D7-04,DIAG-1.0,7,Leadership,7.8 Coaching and mentoring,single,application,,,,,A senior planner mentoring an early-career colleague who is preparing for certification would be most helpful by:,Completing difficult assignments on the colleague's behalf to demonstrate the standard,Recommending the colleague delay certification until they have a decade of experience,Limiting the relationship to reviewing written work products,Providing progressively more challenging assignments with structured feedback and exposure to decision-makers,D,"Development comes from graduated responsibility paired with specific feedback and visibility, which builds judgment rather than substituting the mentor's judgment for the mentee's.",Doing the work removes the learning opportunity.,Discouraging certification without cause is not mentorship.,Document review alone omits the interpersonal and political dimensions of practice.,"Development comes from graduated responsibility paired with specific feedback and visibility, which builds judgment rather than substituting the mentor's judgment for the mentee's.",APA Content Outline 7.8,leadership/mentoring,TRUE,FALSE,review,All Aboard Planning,,2026-09-14
45,D2-05,DIAG-1.0,2,Fundamental Planning Knowledge,2.3 Foundational legal principles,single,recall,,,,,Which statement best distinguishes the police power from eminent domain?,The police power applies only to public property; eminent domain applies only to private property,The police power regulates the use of property without compensation; eminent domain acquires a property interest and requires just compensation,The police power requires a comprehensive plan; eminent domain does not,The police power is a federal authority; eminent domain is reserved to states,B,"Regulation under the police power restricts use in service of health, safety, and welfare without payment, unless it goes so far as to constitute a taking. Eminent domain compels transfer of a property interest and triggers the just compensation requirement.",Both powers operate on private property.,"Regulation under the police power restricts use in service of health, safety, and welfare without payment, unless it goes so far as to constitute a taking. Eminent domain compels transfer of a property interest and triggers the just compensation requirement.","Neither is defined by the presence of a plan, though consistency strengthens regulatory defensibility.",Both are exercised at multiple levels of government.,Constitutional foundations of planning law,planning-law/police-power,TRUE,FALSE,review,All Aboard Planning,,2026-09-14
46,D8-05,DIAG-1.0,8,Areas of Practice,8.13 Historic and cultural resource planning,single,application,,,,,"A private owner objects to a proposed National Register listing, believing it will prevent alterations to the building. The planner should explain that National Register listing alone:","Imposes no restrictions on a private owner acting without federal funding, licensing, or permitting, though it triggers review when a federal undertaking is involved and may confer tax credit eligibility",Prohibits demolition and exterior alteration by the owner,Transfers a preservation easement to the federal government,Requires the owner to open the property to the public,A,The National Register is primarily an honorific and planning inventory. Restrictions on private owners come from local landmark ordinances; federal review under Section 106 applies only to federal undertakings.,The National Register is primarily an honorific and planning inventory. Restrictions on private owners come from local landmark ordinances; federal review under Section 106 applies only to federal undertakings.,"Those restrictions come from a local landmark designation, not the National Register.",No property interest transfers upon listing.,Public access is not a condition of listing.,National Historic Preservation Act; National Register and Section 106,historic-preservation/national-register,TRUE,FALSE,review,All Aboard Planning,,2026-09-14
47,D4-05,DIAG-1.0,4,Plan and Policy Development,4.4 Formulating and drafting policies,single,analysis,,,,,A draft plan policy reads: 'The city should consider strategies to address housing affordability as appropriate.' The principal weakness of this policy is that it:,Is too narrow in scope to guide decisions,Uses the word 'city' rather than naming a department,"Provides no direction, standard, or accountability, so it cannot guide a future decision or be evaluated",Addresses a subject better left to the private market,C,"A policy must give decision-makers a rule of action. 'Consider as appropriate' commits the city to nothing, cannot be applied to a specific proposal, and cannot be monitored.","The problem is vagueness, not narrowness.",Assigning responsibility belongs to implementation actions; the core defect is the absent standard.,"A policy must give decision-makers a rule of action. 'Consider as appropriate' commits the city to nothing, cannot be applied to a specific proposal, and cannot be monitored.",Housing affordability is a core planning subject.,"APA Content Outline 4.4, 4.5",plan-making/writing-policy,TRUE,FALSE,review,All Aboard Planning,,2026-09-14
48,D1-08,DIAG-1.0,1,Research and Assessment Methods,1.3 Spatial analysis,single,application,,,,,A planner needs to identify every parcel with any portion lying within one-quarter mile of a light rail station. The correct sequence of GIS operations is:,"Geocode the parcels, then run a spatial join to the transit route layer","Dissolve the parcel layer, then clip it to the transit corridor","Create a choropleth of parcel values, then overlay the station points","Buffer the station points, then intersect the buffer with the parcel layer",D,A quarter-mile buffer around the station points defines the area of interest; intersecting (or selecting by location) against parcels returns every parcel touching that area.,Geocoding converts addresses to points and is unnecessary; joining to the route rather than the station misstates the question.,Dissolve merges features and destroys the parcel-level detail the analysis requires.,"A choropleth is a display technique, not a selection operation.",A quarter-mile buffer around the station points defines the area of interest; intersecting (or selecting by location) against parcels returns every parcel touching that area.,APA Content Outline 1.3,research-methods/gis-buffer-overlay,TRUE,FALSE,review,All Aboard Planning,,2026-09-14
49,D5-08,DIAG-1.0,5,Plan Implementation,5.1 Develop and interpret rules and regulations,negative,recall,,,,,All of the following are appropriately included in a capital improvements program EXCEPT:,Acquisition of land for a future fire station,Salaries of library staff and routine building maintenance,Construction of a new branch library,Replacement of a major sewer trunk line,B,"A CIP schedules major, non-recurring capital expenditures with multi-year useful lives. Recurring personnel and routine maintenance costs belong to the operating budget.",Land acquisition for a public facility is a capital expenditure.,"A CIP schedules major, non-recurring capital expenditures with multi-year useful lives. Recurring personnel and routine maintenance costs belong to the operating budget.",Facility construction is the classic CIP item.,Major infrastructure replacement is a capital expenditure.,Capital improvements programming,finance/cip,TRUE,FALSE,review,All Aboard Planning,,2026-09-14
50,D9-05,DIAG-1.0,9,AICP Code of Ethics and Professional Conduct,9.4 Upholding the rules of conduct (compliance and administration),single,recall,,,,,An AICP member is uncertain whether a proposed course of action complies with the Code. The appropriate step is to:,Poll colleagues in the local APA chapter and follow the majority view,"Proceed, since only a filed charge can establish a violation","Request an opinion from the city attorney, whose determination is binding on AICP",Request a formal advisory ruling from the AICP Ethics Officer before acting,D,"The Code's administrative provisions allow members to seek an advisory ruling from the Ethics Officer on the propriety of proposed conduct, which is the mechanism for resolving uncertainty in advance.",Informal consensus among colleagues has no standing under the Code.,The obligation to comply exists independently of whether anyone files a charge.,"A local attorney's opinion addresses legal exposure, not AICP ethical obligations.","The Code's administrative provisions allow members to seek an advisory ruling from the Ethics Officer on the propriety of proposed conduct, which is the mechanism for resolving uncertainty in advance.","AICP Code of Ethics and Professional Conduct (2022), administration provisions",ethics/advisory-rulings,TRUE,FALSE,review,All Aboard Planning,,2026-09-14
51,D3-07,DIAG-1.0,3,Communication and Interaction,3.11 Evidence-based argument formulation,single,application,,,,,A planner must present a complex traffic analysis to a city council with no technical background and 10 minutes on the agenda. The most effective approach is to:,Walk through the model's assumptions and calibration in sequence so the council can verify the work,"Lead with the recommendation and its two or three decisive findings, using simple graphics, and offer technical detail on request",Distribute the full consultant report and summarize its table of contents,"Defer the presentation to the consultant, who understands the model best",B,"Decision-makers need the conclusion, the evidence that drives it, and a clear ask. Depth is held in reserve for questions and for the written record.",Methodology-first presentations consume the time before reaching the decision point.,"Decision-makers need the conclusion, the evidence that drives it, and a clear ask. Depth is held in reserve for questions and for the written record.",Handing over a document is not a presentation and does not support a decision.,The planner is accountable for the recommendation and cannot delegate that to a consultant.,"APA Content Outline 3.1, 3.11",communication/presenting-to-decision-makers,TRUE,FALSE,review,All Aboard Planning,,2026-09-14
52,D6-05,DIAG-1.0,6,Administration and Management,6.1 Project or program management,negative,recall,,,,,All of the following normally appear in a consultant scope of work EXCEPT:,The consultant firm's internal profit margin on the engagement,Deliverables with due dates and acceptance criteria,Roles and responsibilities of city staff and the consultant team,"Meeting and engagement commitments, including number and type of public sessions",A,"A scope defines what will be delivered, by whom, and when. Internal margin is proprietary to the firm and is not a scope element.","A scope defines what will be delivered, by whom, and when. Internal margin is proprietary to the firm and is not a scope element.",Deliverables and acceptance criteria are core scope content.,Allocating responsibilities between client and consultant prevents disputes.,Engagement commitments are typically itemized because they drive cost and schedule.,APA Content Outline 6.1; contract management,administration/scope-of-work,TRUE,FALSE,review,All Aboard Planning,,2026-09-14
53,D7-05,DIAG-1.0,7,Leadership,"7.6 The ethics of equity, diversity, and inclusivity in practice",roman,application,,,,,"A planning director wants to make equity practice durable rather than dependent on individual staff initiative. Which actions accomplish that?

I. Building equity criteria into the standard staff report template used for every application
II. Setting clear expectations and asking for feedback from staff and community partners on how the criteria work in practice
III. Designating a single staff member as the equity liaison and routing all related questions to that person
IV. Including equity outcomes in the department work plan and reporting on them publicly","I, II, and IV only",I and IV only,"II, III, and IV only","I, II, III, and IV",A,"Embedding criteria in routine templates, iterating based on feedback, and public reporting institutionalize the practice. Concentrating it in one person makes it fragile and lets everyone else opt out.","Embedding criteria in routine templates, iterating based on feedback, and public reporting institutionalize the practice. Concentrating it in one person makes it fragile and lets everyone else opt out.","Omits the feedback loop, which is how the criteria improve.",III is the action that undermines durability.,III works against the stated objective.,APA Content Outline 7.6,leadership/institutionalizing-equity,FALSE,FALSE,review,All Aboard Planning,,2026-09-14
54,D2-06,DIAG-1.0,2,Fundamental Planning Knowledge,2.4 Planning theory,single,application,,,,,"A planning director faces a politically contested corridor decision with incomplete data and limited time, and proceeds by making a series of small adjustments to existing policy rather than evaluating all alternatives against a full set of objectives. This approach is best described as:",Rational comprehensive planning,Advocacy planning,Disjointed incrementalism,Transactive planning,C,"Lindblom's incrementalism describes successive limited comparisons, adjusting at the margins of existing policy under conditions of bounded rationality, which is exactly the described behavior.",Rational comprehensive planning requires clarified goals and systematic evaluation of alternatives.,Advocacy planning involves representing the interests of an underrepresented group.,"Lindblom's incrementalism describes successive limited comparisons, adjusting at the margins of existing policy under conditions of bounded rationality, which is exactly the described behavior.",Transactive planning emphasizes face-to-face mutual learning between planner and those affected.,"Lindblom, The Science of Muddling Through (1959)",theory/incrementalism,TRUE,FALSE,review,All Aboard Planning,,2026-09-14
55,D8-06,DIAG-1.0,8,Areas of Practice,8.10 Urban design,roman,application,,,,,"A downtown placemaking strategy aims to increase pedestrian activity on a wide, empty main street. Which interventions address the design problem?

I. Narrowing effective travel lanes and widening sidewalks to slow traffic and expand the pedestrian realm
II. Requiring active ground-floor uses with transparent frontage on key blocks
III. Adding surface parking on vacant corner lots to increase convenience
IV. Programming the street with markets and events to build an activity pattern",I and II only,"I, II, and IV only","II, III, and IV only","I, II, III, and IV",B,"Narrowing the roadway, activating ground floors, and programming the space all build pedestrian activity. Surface parking on corners breaks street enclosure and continuity, which works against it.","Omits programming, often the fastest and cheapest intervention.","Narrowing the roadway, activating ground floors, and programming the space all build pedestrian activity. Surface parking on corners breaks street enclosure and continuity, which works against it.",III undermines the pedestrian environment.,III is counterproductive.,APA Content Outline 8.10; placemaking and public realm design,urban-design/placemaking,FALSE,FALSE,review,All Aboard Planning,,2026-09-14
56,D4-06,DIAG-1.0,4,Plan and Policy Development,4.10 Identifying and evaluating consequences,single,recall,,,,,A fiscal impact analysis of a proposed 600-unit subdivision would primarily estimate:,The change in property values on adjacent parcels,The number of construction and permanent jobs created in the region,The projected internal rate of return to the developer,The public service and facility costs generated by the development relative to the public revenues it produces,D,"Fiscal impact analysis compares the costs of serving new development with the revenues it generates for the jurisdiction, typically over a defined period.","That is a market or appraisal question, not fiscal impact.","Job creation is economic impact, a related but distinct analysis.",Return to the developer is a pro forma question for the private party.,"Fiscal impact analysis compares the costs of serving new development with the revenues it generates for the jurisdiction, typically over a defined period.",Fiscal impact analysis methods,plan-making/fiscal-impact,TRUE,FALSE,review,All Aboard Planning,,2026-09-14
57,D1-09,DIAG-1.0,1,Research and Assessment Methods,1.5 Data collection strategies,negative,recall,,,,,All of the following are primary data collection methods EXCEPT:,Tabulation of decennial census counts,Windshield survey of building conditions,Focus groups with corridor business owners,Intercept interviews at a transit station,A,"Primary data are collected by the planner for the purpose at hand. Census tabulations are secondary data, gathered by another party for other purposes.","Primary data are collected by the planner for the purpose at hand. Census tabulations are secondary data, gathered by another party for other purposes.","A windshield survey is direct observation by the planner, which is primary data.",Focus groups generate original qualitative data.,Intercept interviews are original data collection.,APA Content Outline 1.5,research-methods/primary-secondary-data,TRUE,FALSE,review,All Aboard Planning,,2026-09-14
58,D5-09,DIAG-1.0,5,Plan Implementation,5.1 Develop and interpret rules and regulations,ordering,application,,,,,"Place the following steps in the typical order for a legislative rezoning followed by construction, from first to last:

I. Building permit issuance
II. Governing body action on the rezoning after public hearing
III. Pre-application conference and neighborhood meeting
IV. Site plan or subdivision approval","II, III, IV, I","III, IV, II, I","III, II, IV, I","IV, III, II, I",C,Pre-application discussion precedes formal filing; the legislative rezoning establishes what may be built; site plan or subdivision approval applies the standards to the specific proposal; permits follow.,A rezoning would not be acted on before the applicant has entered the process.,Site plan approval cannot precede the rezoning that authorizes the use.,Pre-application discussion precedes formal filing; the legislative rezoning establishes what may be built; site plan or subdivision approval applies the standards to the specific proposal; permits follow.,This inverts nearly the entire sequence.,Development review process,implementation/development-review,FALSE,FALSE,review,All Aboard Planning,,2026-09-14
59,D9-06,DIAG-1.0,9,AICP Code of Ethics and Professional Conduct,9.2 Responsibility to clients and employers,single,application,,,,,"A small firm is offered a transportation modeling assignment that no one on staff is qualified to perform. Under the Code, the firm's AICP principal may:","Accept the work only if it is performed under the direction of, or in association with, someone competent to do it, and the client is informed","Accept the work and learn the method during the engagement, since professional growth is encouraged","Accept the work and subcontract it without informing the client, since the client contracted with the firm",Accept the work at a reduced fee reflecting the firm's inexperience,A,"The Code requires competent performance of work for clients and employers. Association with qualified practitioners, disclosed to the client, is the accepted way to take on work outside a firm's own competence.","The Code requires competent performance of work for clients and employers. Association with qualified practitioners, disclosed to the client, is the accepted way to take on work outside a firm's own competence.",Learning on a client's project without qualified supervision is precisely what the competence requirement forbids.,Concealing who performs the work misleads the client.,A discount does not cure the absence of competence.,"AICP Code of Ethics and Professional Conduct (2022), Principle B",ethics/competence,TRUE,FALSE,review,All Aboard Planning,,2026-09-14
60,D3-08,DIAG-1.0,3,Communication and Interaction,3.12 Sensitive or complex political situation management,single,analysis,,,,,A reporter calls a staff planner at home about a controversial rezoning that the planning commission will hear next week. The most appropriate response is to:,Decline to comment on anything and refer the reporter to the city attorney,"Share the planner's personal opinion about the merits, clearly labeled as personal","Provide factual information about the application, the process, and the schedule, and refer questions about the council's position to elected officials","Provide the staff recommendation before it is released to the commission, to get ahead of the story",C,"Planners have an obligation to provide timely, clear, and accurate information about the process and the facts. Characterizing elected officials' positions is not the staff planner's role.",Blanket refusal to explain a public process disserves the public and the profession.,Personal opinion from staff on a pending quasi-judicial matter undermines the process.,"Planners have an obligation to provide timely, clear, and accurate information about the process and the facts. Characterizing elected officials' positions is not the staff planner's role.",Releasing a recommendation to the press before the decision-making body receives it is improper.,APA Content Outline 3.12; AICP Code Principle A (public information),communication/media-relations,TRUE,FALSE,review,All Aboard Planning,,2026-09-14
61,D6-06,DIAG-1.0,6,Administration and Management,6.3 Management of external relationships,roman,application,,,,,"A developer's attorney submits a public records request for all staff communications about a pending application. Which responses are appropriate?

I. Process the request under the applicable public records law and the jurisdiction's established procedure
II. Delete internal drafts and emails that could be misinterpreted before responding
III. Consult the city attorney about any records that may fall within a statutory exemption
IV. Notify the planning director and maintain a log of what was produced",I and III only,"I, III, and IV only","II, III, and IV only","I, II, III, and IV",B,"Records requests are processed under law and established procedure, with legal review of possible exemptions and internal documentation of the response.","Omits internal notification and recordkeeping, which protect both the planner and the agency.","Records requests are processed under law and established procedure, with legal review of possible exemptions and internal documentation of the response.","II describes destruction of public records, which is unlawful and unethical.",II is never appropriate.,APA Content Outline 6.3; transparency and freedom of information,administration/public-records,FALSE,FALSE,review,All Aboard Planning,,2026-09-14
62,D7-06,DIAG-1.0,7,Leadership,7.11 Promoting the value of planning,roman,recall,,,,,"Which activities advance the profession's obligation to increase public understanding of planning and expand opportunity in the field?

I. Teaching a session at a local high school or community college on how land use decisions are made
II. Serving as a reviewer or mentor for students preparing for planning careers
III. Declining to explain technical analysis publicly to avoid misinterpretation
IV. Providing planning assistance to a community organization that cannot afford professional services",I and II only,"I, II, and IV only","II, III, and IV only","I, II, III, and IV",B,"Public education, mentorship of new entrants, and pro bono assistance all serve the profession's stated responsibilities. Withholding explanation does the opposite.","Omits pro bono service, explicitly encouraged by the profession.","Public education, mentorship of new entrants, and pro bono assistance all serve the profession's stated responsibilities. Withholding explanation does the opposite.",III conflicts with the duty to increase public understanding.,III is not a professional obligation.,"AICP Code Principle C; APA Content Outline 7.11, 7.12",leadership/professional-service,FALSE,FALSE,review,All Aboard Planning,,2026-09-14
63,D2-07,DIAG-1.0,2,Fundamental Planning Knowledge,2.4 Planning theory,single,recall,,,,,Paul Davidoff's contribution to planning theory is most closely associated with the argument that:,Planners should act as neutral technicians presenting a single public interest,Cities are best understood as self-regulating ecological systems,Land use outcomes are determined primarily by growth coalitions of property interests,Planners should openly represent the interests of underrepresented groups and present competing plural plans,D,"Advocacy and Pluralism in Planning argued that there is no single public interest and that planners should represent particular client groups, with competing plans tested in an adversarial process.",Davidoff rejected the neutral-technician model.,That is the Chicago School human ecology tradition.,That is Molotch's growth machine thesis.,"Advocacy and Pluralism in Planning argued that there is no single public interest and that planners should represent particular client groups, with competing plans tested in an adversarial process.","Davidoff, Advocacy and Pluralism in Planning (1965)",theory/advocacy-planning,TRUE,FALSE,review,All Aboard Planning,,2026-09-14
64,D8-07,DIAG-1.0,8,Areas of Practice,"8.12 Parks, recreation, and open space",negative,recall,,,,,All of the following are appropriately addressed in a parks and open space element EXCEPT:,Level of service standards and the distribution of park acreage relative to population,Walkability and equity of access to parks across neighborhoods,Curriculum standards for physical education in public schools,Conservation of natural systems and habitat within the open space network,C,"School curriculum is outside the planning function. Level of service, access equity, and natural systems conservation are standard content in a parks and open space element.",LOS and distribution are core parks planning content.,Equitable access is central to contemporary parks planning.,"School curriculum is outside the planning function. Level of service, access equity, and natural systems conservation are standard content in a parks and open space element.",Conservation and habitat viability are standard open space subjects.,APA Content Outline 8.12,parks/parks-element,TRUE,FALSE,review,All Aboard Planning,,2026-09-14
65,D4-07,DIAG-1.0,4,Plan and Policy Development,4.9 Applying innovations and best practices,negative,recall,,,,,All of the following are typical components of a form-based code EXCEPT:,"A use table listing permitted, conditional, and prohibited uses as the primary regulatory device",A regulating plan assigning standards to specific blocks and street frontages,"Building form standards addressing height, placement, and frontage type",Public space and thoroughfare standards,A,"Form-based codes regulate primarily through physical form and the relationship of buildings to the public realm. Use is addressed but is deliberately secondary, unlike conventional Euclidean codes organized around a use table.","Form-based codes regulate primarily through physical form and the relationship of buildings to the public realm. Use is addressed but is deliberately secondary, unlike conventional Euclidean codes organized around a use table.",The regulating plan is the organizing map of a form-based code.,Building form standards are the core substantive content.,Thoroughfare and public space standards are standard components.,Form-based code components,urban-design/form-based-codes,TRUE,FALSE,review,All Aboard Planning,,2026-09-14
66,D1-10,DIAG-1.0,1,Research and Assessment Methods,1.1 Conducting research and acquiring knowledge,roman,analysis,,,,,"Which practices reduce the effect of implicit bias in a community data collection effort?

I. Pre-testing survey instruments with members of the populations being studied
II. Relying on a single trusted neighborhood leader to characterize community needs
III. Disaggregating results by race, income, and tenure rather than reporting only citywide averages
IV. Documenting who was not reached and why",I and III only,"I, III, and IV only","II, III, and IV only","I, II, III, and IV",B,"Pre-testing, disaggregation, and documenting non-response all surface bias rather than averaging it away.","Omits documentation of gaps, which is essential to honest reporting.","Pre-testing, disaggregation, and documenting non-response all surface bias rather than averaging it away.",II substitutes one person's perspective for the community's and introduces a new bias.,II is not a debiasing practice.,"APA Content Outline 1.1, 1.5 (recognizing implicit bias)",research-methods/implicit-bias,FALSE,FALSE,review,All Aboard Planning,,2026-09-14
67,D5-10,DIAG-1.0,5,Plan Implementation,5.2 Aligning and activating funding and financing,roman,application,,,,,"A city is adopting impact fees for parks. Which conditions must generally be satisfied for the program to be defensible?

I. The fee is supported by a study establishing the need created by new development
II. Revenues are spent on facilities that benefit the fee-paying development, within a defined time and area
III. The fee is calculated to remedy existing deficiencies caused by prior development
IV. Fees are accounted for separately rather than deposited in the general fund",I and II only,"II, III, and IV only","I, II, III, and IV","I, II, and IV only",D,"Impact fees must be tied by study to the need new development creates, spent to benefit the payers within a defined time and service area, and segregated in accounting. Existing deficiencies must be funded from other sources.","Omits the accounting requirement, which is a common statutory condition.",III describes what impact fees may not do.,III is incorrect; charging new development to cure existing deficits fails proportionality.,"Impact fees must be tied by study to the need new development creates, spent to benefit the payers within a defined time and service area, and segregated in accounting. Existing deficiencies must be funded from other sources.",Impact fee standards; rational nexus and proportionality,finance/impact-fees,FALSE,FALSE,review,All Aboard Planning,,2026-09-14
68,D9-07,DIAG-1.0,9,AICP Code of Ethics and Professional Conduct,9.3 Responsibility to the profession and colleagues,single,application,,,,,"A consultant's qualifications package states that the firm 'prepared' a regional plan, when in fact the firm served as a subconsultant responsible for one chapter. This most directly implicates the Code's requirements regarding:",Confidential information,Accurate representation of professional qualifications and experience when seeking work,Conflicts of interest with a public employer,Participation in continuing professional education,B,The Code prohibits seeking work through false or misleading claims about qualifications or experience. Overstating the firm's role in a prior project is exactly that.,No confidential information is disclosed on these facts.,The Code prohibits seeking work through false or misleading claims about qualifications or experience. Overstating the firm's role in a prior project is exactly that.,No public employment relationship is described.,Certification maintenance is unrelated to marketing claims.,"AICP Code of Ethics and Professional Conduct (2022), Rules of Conduct",ethics/qualifications-claims,TRUE,FALSE,review,All Aboard Planning,,2026-09-14
69,D3-09,DIAG-1.0,3,Communication and Interaction,3.8 Role of organizational structures and functions,roman,recall,,,,,"Which statements accurately describe the role of a planning commission in a typical U.S. municipality?

I. It is usually an appointed body rather than an elected one
II. It typically makes recommendations to the governing body on plan adoption and rezonings
III. It may hold delegated final decision authority over certain applications, depending on state and local law
IV. It is responsible for the day-to-day supervision of planning department staff",I and II only,"II, III, and IV only","I, II, III, and IV","I, II, and III only",D,"Planning commissions are appointed advisory bodies that recommend on plans and rezonings, and in many jurisdictions hold final authority over specified applications such as site plans or subdivisions. Staff supervision rests with the administration.","Omits delegated final authority, which is common for site plan and subdivision review.",IV describes an administrative function that commissions do not perform.,IV is incorrect.,"Planning commissions are appointed advisory bodies that recommend on plans and rezonings, and in many jurisdictions hold final authority over specified applications such as site plans or subdivisions. Staff supervision rests with the administration.",APA Content Outline 3.8,administration/planning-commission,FALSE,FALSE,review,All Aboard Planning,,2026-09-14
70,D6-07,DIAG-1.0,6,Administration and Management,6.2 Internal organizational management,roman,analysis,,,,,"A planning director is restructuring a department where current planning and long-range planning staff rarely coordinate, producing code amendments that conflict with adopted plans. Which changes address the underlying problem?

I. Assigning a long-range planner to review every proposed code amendment for plan consistency
II. Creating a standing cross-division project team with a shared work plan
III. Reducing the number of staff meetings to free up production time
IV. Establishing a shared set of performance measures tied to plan implementation rather than division outputs",I and II only,"II, III, and IV only","I, II, and IV only","I, II, III, and IV",C,"A consistency check, structural cross-division collaboration, and measures that reward shared outcomes all attack the coordination failure. Fewer meetings would worsen it.","Omits the measurement change, which is what sustains the new behavior.",III removes coordination opportunities in a department that lacks them.,"A consistency check, structural cross-division collaboration, and measures that reward shared outcomes all attack the coordination failure. Fewer meetings would worsen it.",III is counterproductive here.,APA Content Outline 6.2,administration/organizational-structure,FALSE,FALSE,review,All Aboard Planning,,2026-09-14
71,D7-07,DIAG-1.0,7,Leadership,7.6 A planner's comprehensive approach to complex problems,roman,analysis,,,,,"A city must choose among four capital projects with a fixed budget and competing constituencies. Which approaches reflect a planner's comprehensive method for helping a community prioritize?

I. Evaluating each project against the adopted plan's goals using a consistent, published set of criteria
II. Making explicit the trade-offs and who bears them, rather than presenting a single ranked list without reasoning
III. Selecting the project with the strongest turnout at the public hearing
IV. Testing how each project performs under different budget and demand assumptions",I and II only,"II, III, and IV only","I, II, and IV only","I, II, III, and IV",C,"Consistent published criteria, transparent trade-offs and incidence, and sensitivity testing give a community a defensible basis for choosing. Hearing turnout measures mobilization.","Omits sensitivity testing, which matters when budgets are uncertain.",III replaces analysis with attendance.,"Consistent published criteria, transparent trade-offs and incidence, and sensitivity testing give a community a defensible basis for choosing. Hearing turnout measures mobilization.",III is not a comprehensive method.,APA Content Outline 7.6,leadership/prioritization,FALSE,FALSE,review,All Aboard Planning,,2026-09-14
72,D2-08,DIAG-1.0,2,Fundamental Planning Knowledge,2.2 Patterns of human settlement,single,analysis,,,,,"A planner reviewing 1930s Home Owners' Loan Corporation appraisal maps finds that neighborhoods graded 'hazardous' correspond closely to present-day areas with lower tree canopy, higher heat exposure, and lower homeownership. The most defensible conclusion is that:",Discriminatory lending and appraisal practices shaped long-term patterns of disinvestment whose physical effects persist,"The correlation is coincidental, since the maps had no operative effect","The graded areas were of lower environmental quality before grading, which is why they were graded that way",Present-day conditions are entirely attributable to individual household decisions,A,"Redlining channeled credit and public and private investment away from graded neighborhoods for decades. The durable physical consequences, including infrastructure and canopy deficits, are a well-documented legacy that planners are expected to identify and address.","Redlining channeled credit and public and private investment away from graded neighborhoods for decades. The durable physical consequences, including infrastructure and canopy deficits, are a well-documented legacy that planners are expected to identify and address.",The maps were tied to real lending and insurance practice and had substantial operative effect.,This inverts cause and effect and cannot explain the sustained divergence after grading.,Attributing structural outcomes solely to individual choice ignores the documented policy mechanism.,APA Content Outline 2.2 (effects of discrimination); HOLC residential security maps,history/redlining,TRUE,FALSE,review,All Aboard Planning,,2026-09-14
73,D8-08,DIAG-1.0,8,Areas of Practice,8.3 Current planning,calculation,application,,,,,A 20-acre site will yield 200 dwelling units. Fifteen percent of the site is required for public rights-of-way and another 10 percent for required open space. What is the approximate net residential density?,10 units per acre,11.8 units per acre,13.3 units per acre,20 units per acre,C,Net density excludes rights-of-way and required open space: 20 x (1 - 0.25) = 15 net acres. 200 / 15 = 13.3 units per acre.,"This is gross density, 200 units over the full 20 acres.",This deducts only one of the two required set-asides.,Net density excludes rights-of-way and required open space: 20 x (1 - 0.25) = 15 net acres. 200 / 15 = 13.3 units per acre.,"This corresponds to 10 net acres, deducting half the site.",Gross vs net density,zoning/density-calculations,TRUE,TRUE,review,All Aboard Planning,,2026-09-14
74,D4-08,DIAG-1.0,4,Plan and Policy Development,4.6 Objectives and actions within an equity framework,roman,application,,,,,"A city is adding an equity framework to its plan update. Which approaches operationalize that framework rather than merely stating it?

I. Establishing baseline indicators disaggregated by race, income, and geography, with targets
II. Adding a values statement about equity to the plan's introduction
III. Applying an equity screen to each proposed capital project before it enters the CIP
IV. Assigning responsibility and a reporting schedule for each equity-related action",I and III only,"I, III, and IV only","II, III, and IV only","I, II, III, and IV",B,"Measurable baselines and targets, a decision screen applied to real investments, and assigned accountability change outcomes. A values statement alone does not.","Omits accountability assignment, without which actions drift.","Measurable baselines and targets, a decision screen applied to real investments, and assigned accountability change outcomes. A values statement alone does not.",II is the one element that does not operationalize anything.,II is declarative rather than operational.,"APA Content Outline 4.6, 4.13",equity/operationalizing-equity,FALSE,FALSE,review,All Aboard Planning,,2026-09-14
75,D1-11,DIAG-1.0,1,Research and Assessment Methods,1.1 Conducting research and acquiring knowledge,single,recall,,,,,The cohort-component method of population projection differs from a simple trend extrapolation primarily because it:,Produces a single deterministic figure rather than a range,Requires no assumptions about future conditions,Can only be applied at the state level or above,"Applies separate rates of fertility, mortality, and migration to each age-sex group",D,"Cohort-component disaggregates the population by age and sex and ages each cohort forward using specific fertility, mortality, and migration assumptions, which is why it can describe changing age structure.",Trend extrapolation is the method that yields a single line; cohort-component is typically run under multiple assumption sets.,"It requires more explicit assumptions, not fewer.",It is regularly applied to counties and municipalities where the component data exist.,"Cohort-component disaggregates the population by age and sex and ages each cohort forward using specific fertility, mortality, and migration assumptions, which is why it can describe changing age structure.",Demographic analysis; cohort-component projection,research-methods/population-projection,TRUE,FALSE,review,All Aboard Planning,,2026-09-14
76,D5-11,DIAG-1.0,5,Plan Implementation,"5.7 Monitoring, evaluating, and updating plans",roman,application,,,,,"A city is designing an annual monitoring report for its comprehensive plan. Which characteristics make the report useful for decision-making?

I. Indicators tied directly to adopted plan objectives with baselines and targets
II. Data reported at a geography fine enough to reveal differences among neighborhoods
III. A narrative describing staff activity levels during the year
IV. Identification of objectives that are off track, with a recommended course correction","I, II, and IV only",I and IV only,"II, III, and IV only","I, II, III, and IV",A,"Objective-linked indicators, disaggregated geography, and explicit identification of off-track items with recommendations make a monitoring report actionable. Activity narratives measure effort, not results.","Objective-linked indicators, disaggregated geography, and explicit identification of off-track items with recommendations make a monitoring report actionable. Activity narratives measure effort, not results.","Omits disaggregation, without which citywide averages mask divergence.",III is an output measure that does not indicate plan performance.,III adds length without decision value.,APA Content Outline 5.7,implementation/monitoring,FALSE,FALSE,review,All Aboard Planning,,2026-09-14
77,D9-08,DIAG-1.0,9,AICP Code of Ethics and Professional Conduct,9.4 Upholding the rules of conduct,roman,recall,,,,,"Which of the following are addressed by the Rules of Conduct in the AICP Code?

I. Not accepting, as a public official or employee, compensation from anyone other than the public employer that may be perceived as related to the public office
II. Not disclosing or improperly using information acquired in the course of professional duties
III. Not performing work beyond one's professional competence
IV. Not holding membership in a political party while employed as a public planner",I and II only,"II, III, and IV only","I, II, and III only","I, II, III, and IV",C,"Outside compensation, misuse of confidential information, and competence limits are all subjects of the Rules of Conduct. The Code does not restrict political party membership.","Omits the competence requirement, which is a rule rather than merely aspirational.",IV is not in the Code and would raise constitutional problems.,"Outside compensation, misuse of confidential information, and competence limits are all subjects of the Rules of Conduct. The Code does not restrict political party membership.",IV is not a rule of conduct.,"AICP Code of Ethics and Professional Conduct (2022), Rules of Conduct",ethics/rules-of-conduct,FALSE,FALSE,review,All Aboard Planning,,2026-09-14
78,D3-10,DIAG-1.0,3,Communication and Interaction,"3.3 Listening, comprehension, and reflection of needs",roman,application,,,,,"At a workshop, residents repeatedly describe flooding in their alleys, though the project scope covers only street resurfacing. Which responses are professionally appropriate?

I. Record the drainage concerns accurately in the engagement summary even though they are outside scope
II. Redirect the conversation and decline to document off-scope comments
III. Transmit the concerns to the public works department and tell residents where the issue will be handled
IV. Reassess whether the project scope was drawn correctly given what residents identify as the priority","I, III, and IV only",I and III only,II and III only,"I, II, III, and IV",A,"Accurate compilation of what was heard, routing it to the responsible agency with a clear explanation to residents, and questioning whether the scope matched community need are all part of listening and reflecting needs back into the process.","Accurate compilation of what was heard, routing it to the responsible agency with a clear explanation to residents, and questioning whether the scope matched community need are all part of listening and reflecting needs back into the process.","Omits the scope reassessment, which is the substantive response to a consistent signal.",II suppresses information the public provided.,II is inconsistent with the obligation to compile input accurately.,APA Content Outline 3.3,engagement/listening-and-scope,FALSE,FALSE,review,All Aboard Planning,,2026-09-14
79,D6-08,DIAG-1.0,6,Administration and Management,6.4 Mentoring and motivating staff,single,application,,,,,"A junior planner's staff reports are technically sound but consistently miss deadlines, delaying agenda packets. The most effective supervisory response is to:",Reassign the reports to a senior planner to protect the schedule,Note the pattern in the annual performance review,Send a department-wide reminder about deadlines,"Meet with the planner to identify the specific cause of the delays, set clear interim milestones, and follow up on a defined schedule",D,"Effective supervision diagnoses the specific cause, sets concrete expectations, and provides timely follow-up rather than deferring feedback or working around the employee.",Reassignment protects one agenda cycle and removes the opportunity for the planner to improve.,Annual review feedback arrives long after it could change behavior.,A general reminder does not address an individual performance issue and dilutes accountability.,"Effective supervision diagnoses the specific cause, sets concrete expectations, and provides timely follow-up rather than deferring feedback or working around the employee.",APA Content Outline 6.4,administration/supervision,TRUE,FALSE,review,All Aboard Planning,,2026-09-14
80,D7-08,DIAG-1.0,7,Leadership,7.10 Professional development expectations and standards,single,recall,,,,,Maintaining AICP certification requires certified planners to:,Retake the certification examination at fixed intervals,Hold a degree from an accredited planning program,Serve on a local board or commission during each reporting period,"Complete continuing professional education on a recurring reporting cycle, including credits in ethics and in law",D,"Certification maintenance is based on continuing professional education within recurring reporting periods, with required credits in professional ethics and planning law.",Re-examination is not part of certification maintenance.,"Accredited-degree holders have a different experience requirement for initial eligibility, but no degree is required to maintain certification.",Board service is encouraged but not a maintenance requirement.,"Certification maintenance is based on continuing professional education within recurring reporting periods, with required credits in professional ethics and planning law.",AICP Certification Maintenance requirements,aicp/certification-maintenance,TRUE,FALSE,review,All Aboard Planning,,2026-09-14
81,D2-09,DIAG-1.0,2,Fundamental Planning Knowledge,2.1 History of planning and planning movements,ordering,recall,,,,,"Place the following in chronological order, from earliest to most recent:

I. Publication of Ebenezer Howard's garden city proposal
II. Circulation of the Standard State Zoning Enabling Act
III. Passage of the Housing Act that funded urban renewal
IV. Enactment of the National Environmental Policy Act","II, I, III, IV","I, II, III, IV","I, III, II, IV","II, III, I, IV",B,"Howard's garden city proposal dates to the late 1890s, the SZEA to the 1920s, the urban renewal housing act to 1949, and NEPA to 1969 with effect in 1970.",The garden city proposal preceded the zoning enabling act by roughly a quarter century.,"Howard's garden city proposal dates to the late 1890s, the SZEA to the 1920s, the urban renewal housing act to 1949, and NEPA to 1969 with effect in 1970.",Zoning enabling legislation preceded the urban renewal program.,Both II and III postdate the garden city proposal.,Planning history chronology,history/timeline,FALSE,FALSE,review,All Aboard Planning,,2026-09-14
82,D8-09,DIAG-1.0,8,Areas of Practice,8.11 Housing planning,exhibit,analysis,,,,"| Income band (% of AMI) | Households | Units affordable and available |
|---|---|---|
| Below 30% | 4,200 | 1,100 |
| 30-50% | 3,800 | 2,400 |
| 50-80% | 5,100 | 6,000 |
| 80-120% | 6,300 | 8,200 |",Which conclusion is best supported by the table?,The jurisdiction has an overall housing shortage across all income levels,New market-rate construction will close the gap in the below-30-percent band within the planning horizon,The data show that households are choosing to live in units below their affordability level,"The shortage is concentrated among the lowest-income households, while surpluses at higher bands are not reaching them",D,"Deficits appear only in the two lowest bands, with the largest in the below-30-percent band, while the upper bands show surpluses. Supply above does not translate into affordability below without subsidy.","Total units exceed total households; the problem is distribution by price, not aggregate count.","The table offers no evidence about future construction, and market-rate units rarely reach the deepest bands without subsidy.","The table does not report who occupies which units, so this cannot be inferred.","Deficits appear only in the two lowest bands, with the largest in the below-30-percent band, while the upper bands show surpluses. Supply above does not translate into affordability below without subsidy.",Housing needs assessment; affordable and available units,housing/needs-assessment,TRUE,FALSE,review,All Aboard Planning,,2026-09-14
83,D4-09,DIAG-1.0,4,Plan and Policy Development,"4.8 Mediation, negotiation, facilitation",single,application,,,,,"In a negotiation between a neighborhood group demanding no new traffic and a developer demanding maximum density, the interest-based approach would begin by:",Splitting the difference between the two stated positions,Referring the dispute to the governing body for a binding vote,"Identifying the underlying interests behind each position, such as child safety and project feasibility, and searching for options that serve both",Asking each party to submit a final offer for arbitration,C,"Interest-based negotiation separates stated positions from underlying interests, because positions are usually incompatible while interests often are not.",Splitting positions produces an outcome neither party's interests support.,Referral abandons the negotiation before it begins.,"Interest-based negotiation separates stated positions from underlying interests, because positions are usually incompatible while interests often are not.",Final-offer arbitration hardens positions rather than surfacing interests.,APA Content Outline 4.8; interest-based negotiation,engagement/interest-based-negotiation,TRUE,FALSE,review,All Aboard Planning,,2026-09-14
84,D5-12,DIAG-1.0,5,Plan Implementation,5.4 Developing strategic partnerships,roman,analysis,,,,,"A plan's signature project depends on actions by a transit agency, a school district, and a private utility, none of which report to the city. Which steps most improve the odds of implementation?

I. Securing a memorandum of understanding that states each party's commitments and schedule
II. Identifying what each partner needs from the project so their participation serves their own objectives
III. Including the project in the plan's action table without further coordination, since adoption creates obligation
IV. Aligning the project's schedule with the partners' capital budgeting cycles",I and II only,"I, II, and IV only","II, III, and IV only","I, II, III, and IV",B,"Independent partners act on their own authority and budgets. Written commitments, mutual benefit, and schedule alignment with their capital cycles are what convert an action item into a delivered project.","Omits budget-cycle alignment, the most common practical cause of slippage.","Independent partners act on their own authority and budgets. Written commitments, mutual benefit, and schedule alignment with their capital cycles are what convert an action item into a delivered project.",III assumes an obligation that plan adoption by one jurisdiction does not create.,III is incorrect.,APA Content Outline 5.4,implementation/partnerships,FALSE,FALSE,review,All Aboard Planning,,2026-09-14
85,D9-09,DIAG-1.0,9,AICP Code of Ethics and Professional Conduct,9.1 Overall responsibility to the public,roman,analysis,,,,,"Which of the following are aspirational principles rather than enforceable rules of conduct?

I. Seeking social justice and expanding choice and opportunity for persons who have been disadvantaged
II. Refraining from accepting compensation from a party other than one's public employer in connection with public duties
III. Striving to protect the integrity of the natural environment and the heritage of the built environment
IV. Refraining from disclosing information acquired in confidence in the course of professional duties","I, II, and III only",III and IV only,"I, II, III, and IV",I and III only,D,Aspirational principles state what planners should strive toward and are not enforced through the charge process. Items II and IV are stated as prohibitions and are enforceable rules of conduct.,"II is a rule of conduct, enforceable through the Code's procedures.","I is aspirational and IV is a rule, so this pairing is reversed in part.",Two of the four are enforceable rules.,Aspirational principles state what planners should strive toward and are not enforced through the charge process. Items II and IV are stated as prohibitions and are enforceable rules of conduct.,"AICP Code of Ethics and Professional Conduct (2022), Principles and Rules",ethics/principles-vs-rules,FALSE,FALSE,review,All Aboard Planning,,2026-09-14
86,D3-11,DIAG-1.0,3,Communication and Interaction,3.5 Social justice,roman,analysis,,,,,"A planner is preparing a displacement analysis for a station area plan. Which practices reflect an equity-centered approach?

I. Analyzing outcomes separately for renters and owners rather than for households overall
II. Including anti-displacement measures in the plan alternatives rather than only in an appendix
III. Presenting only aggregate neighborhood-level change, to avoid alarming residents
IV. Engaging existing residents in defining what a successful outcome for them would look like",I and IV only,"I, II, and IV only","II, III, and IV only","I, II, III, and IV",B,"Disaggregation reveals who bears the burden, building anti-displacement measures into the alternatives makes them real choices, and letting affected residents define success is the core of equity practice.","Omits carrying the measures into the alternatives, where they affect the decision.","Disaggregation reveals who bears the burden, building anti-displacement measures into the alternatives makes them real choices, and letting affected residents define success is the core of equity practice.",III withholds information from the people most affected.,III is inconsistent with the duty to provide full and accurate information.,APA Content Outline 3.5,equity/displacement-analysis,FALSE,FALSE,review,All Aboard Planning,,2026-09-14
87,D2-10,DIAG-1.0,2,Fundamental Planning Knowledge,2.1 History of planning and planning movements,roman,recall,,,,,"Which are characteristic of the City Beautiful movement?

I. Monumental civic centers and axial boulevards
II. Emphasis on beauty and order as instruments of civic virtue and economic vitality
III. Primary concern with housing code enforcement in tenement districts
IV. Influence of the 1893 World's Columbian Exposition",I and IV only,"II, III, and IV only","I, II, and IV only","I, II, III, and IV",C,"City Beautiful emphasized monumental civic design, axial composition, and the belief that order and beauty would produce civic and commercial benefit, with the Columbian Exposition as its catalyst.",Omits the movement's explicit civic and economic rationale.,Tenement housing reform belongs to the separate housing reform tradition.,"City Beautiful emphasized monumental civic design, axial composition, and the belief that order and beauty would produce civic and commercial benefit, with the Columbian Exposition as its catalyst.","III is associated with housing reformers, not City Beautiful.",Planning history; City Beautiful movement,history/city-beautiful,FALSE,FALSE,review,All Aboard Planning,,2026-09-14
88,D8-10,DIAG-1.0,8,Areas of Practice,8.15 Food planning,roman,application,,,,,"A city is drafting a food systems element. Which are appropriate subjects for the element?

I. Zoning treatment of urban agriculture, community gardens, and accessory livestock
II. Access to full-service grocery retail in underserved neighborhoods
III. Management of organic waste and composting infrastructure
IV. Setting retail prices for staple groceries","I, II, and III only",I and II only,"II, III, and IV only","I, II, III, and IV",A,"Land use treatment of food production, retail access, and food waste infrastructure are all within municipal planning authority. Price setting is not.","Land use treatment of food production, retail access, and food waste infrastructure are all within municipal planning authority. Price setting is not.","Omits food waste, an increasingly standard component.",IV is outside municipal authority and outside the planning function.,IV is not an appropriate subject.,APA Content Outline 8.15,food-systems/food-element,FALSE,FALSE,review,All Aboard Planning,,2026-09-14
89,D4-10,DIAG-1.0,4,Plan and Policy Development,4.11 Funding and financing considerations,roman,application,,,,,"A city is identifying revenue tools for streetscape improvements along a commercial corridor. Which tools place the cost primarily on properties that benefit from the improvement?

I. Special assessment district
II. Tax increment financing district
III. General obligation bond repaid from citywide property taxes
IV. Business improvement district assessment",I and IV only,II and III only,"I, II, III, and IV","I, II, and IV only",D,"Special assessments and BID assessments are levied on benefited properties directly, and TIF captures the incremental value created within the district. A general obligation bond spreads cost across all taxpayers.","Omits TIF, which also draws on value within the district.",III is the tool that does not concentrate cost on beneficiaries.,III spreads the burden citywide.,"Special assessments and BID assessments are levied on benefited properties directly, and TIF captures the incremental value created within the district. A general obligation bond spreads cost across all taxpayers.",APA Content Outline 4.11; municipal finance tools,finance/value-capture,FALSE,FALSE,review,All Aboard Planning,,2026-09-14
90,D3-12,DIAG-1.0,3,Communication and Interaction,3.4 Leadership and influencing decision-making,single,analysis,,,,,A council member asks a planner to remove a finding from a staff report because it will complicate a vote. The planner should:,"Remove the finding, since the council sets policy and the report serves the council",Retain the finding and publicly accuse the council member of interference,"Retain the finding and present it accurately, while working with the council member to explain its significance and the available options",Withdraw the staff report entirely until after the vote,C,"The planner's obligation is full, clear, and accurate information to decision-makers and the public. That duty is satisfied by keeping the finding while helping the decision-maker understand and respond to it.",Deleting an accurate finding to ease a vote misrepresents the analysis.,Public accusation is neither required nor an effective first response.,"The planner's obligation is full, clear, and accurate information to decision-makers and the public. That duty is satisfied by keeping the finding while helping the decision-maker understand and respond to it.",Withholding the report deprives the body of the analysis it needs.,APA Content Outline 3.4; AICP Code Principle A,leadership/political-pressure,TRUE,FALSE,review,All Aboard Planning,,2026-09-14
91,D2-11,DIAG-1.0,2,Fundamental Planning Knowledge,2.2 Patterns of human settlement,negative,recall,,,,,All of the following are classical models of urban spatial structure EXCEPT:,Concentric zone model,Sector model,Multiple nuclei model,Rank-size rule,D,The rank-size rule describes the distribution of city sizes within a national urban system; it is not a model of internal urban spatial structure.,Burgess's concentric zone model describes internal structure.,Hoyt's sector model describes axial growth within a city.,Harris and Ullman's multiple nuclei model describes internal structure around several centers.,The rank-size rule describes the distribution of city sizes within a national urban system; it is not a model of internal urban spatial structure.,Urban spatial structure models,history/urban-models,TRUE,FALSE,review,All Aboard Planning,,2026-09-14
92,D8-11,DIAG-1.0,8,Areas of Practice,8.19 Regional and multijurisdictional planning,roman,recall,,,,,"Which statements about metropolitan planning organizations are accurate?

I. An MPO is required in each urbanized area above a federal population threshold
II. MPOs adopt a long-range transportation plan and a shorter-range transportation improvement program
III. Federal transportation funds in the metropolitan area generally flow through the MPO's programming process
IV. MPOs have direct zoning authority over member jurisdictions",I and II only,"I, II, and III only","II, III, and IV only","I, II, III, and IV",B,"MPOs are federally required in urbanized areas above the statutory threshold, maintain a long-range plan and a TIP, and program federal transportation funds. Land use regulation remains with member local governments.","Omits the programming role, the MPO's principal source of influence.","MPOs are federally required in urbanized areas above the statutory threshold, maintain a long-range plan and a TIP, and program federal transportation funds. Land use regulation remains with member local governments.",IV is false; MPOs have no zoning authority.,IV is false.,Metropolitan planning organization structure and requirements,regional/mpo,FALSE,FALSE,review,All Aboard Planning,,2026-09-14
93,D4-11,DIAG-1.0,4,Plan and Policy Development,4.2 Planning as sequential steps and multivariate analyses,single,application,,,,,A region facing deep uncertainty about future water supply and employment growth should most appropriately use:,Scenario planning that develops several internally consistent futures and tests strategies against each,A single trend-based forecast with a confidence interval,A cost-benefit analysis of the preferred alternative,A build-out analysis of current zoning,A,Scenario planning is designed for conditions where key drivers are genuinely uncertain. It tests whether a strategy performs acceptably across several plausible futures rather than optimizing for one.,Scenario planning is designed for conditions where key drivers are genuinely uncertain. It tests whether a strategy performs acceptably across several plausible futures rather than optimizing for one.,A single forecast with a band still assumes one underlying trajectory.,Cost-benefit analysis evaluates a defined alternative; it does not address driver uncertainty.,"Build-out analysis describes a zoning capacity ceiling, not alternative futures.",APA Content Outline 4.2; scenario planning,plan-making/scenario-planning,TRUE,FALSE,review,All Aboard Planning,,2026-09-14
94,D2-12,DIAG-1.0,2,Fundamental Planning Knowledge,2.3 Foundational legal principles (housing law),roman,application,,,,,"Under the federal Fair Housing Act as amended, which of the following would raise fair housing concerns?

I. A zoning ordinance defining 'family' so as to limit unrelated adults in a group home for persons with disabilities
II. Refusing to allow a tenant with a disability to install a grab bar at the tenant's own expense
III. A comprehensive plan policy that concentrates all new subsidized housing in one already low-income census tract
IV. A minimum lot size applied uniformly across a single-family district","I, II, and III only",I and II only,II and IV only,"I, II, III, and IV",A,"Restrictive family definitions applied to group homes, refusal of reasonable modifications, and siting policies that perpetuate segregation all implicate the Act and the duty to affirmatively further fair housing.","Restrictive family definitions applied to group homes, refusal of reasonable modifications, and siting policies that perpetuate segregation all implicate the Act and the duty to affirmatively further fair housing.","Omits the siting policy, a classic perpetuation-of-segregation concern.","A uniformly applied minimum lot size is not by itself a fair housing violation, though it can contribute to exclusionary effect.",IV alone does not raise the concern on these facts.,"Fair Housing Act, 42 U.S.C. 3601 et seq., as amended 1988",housing/fair-housing,FALSE,FALSE,review,All Aboard Planning,,2026-09-14
95,D8-12,DIAG-1.0,8,Areas of Practice,8.16 Health planning,single,recall,,,,,A health impact assessment conducted for a proposed highway interchange would:,Diagnose health conditions among individual residents near the site,Replace the environmental review required under federal law,"Evaluate the potential effects of the proposed decision on population health outcomes and their distribution, and recommend modifications",Determine the medical cost liability of the project sponsor,C,"An HIA is a structured, prospective assessment of how a proposed policy or project may affect population health and how those effects are distributed, producing recommendations to improve the proposal.","HIAs address populations, not individual clinical diagnosis.",An HIA may inform environmental review but does not substitute for it.,"An HIA is a structured, prospective assessment of how a proposed policy or project may affect population health and how those effects are distributed, producing recommendations to improve the proposal.",Liability determination is a legal and actuarial matter.,APA Content Outline 8.16; health impact assessment,health/hia,TRUE,FALSE,review,All Aboard Planning,,2026-09-14
96,D4-12,DIAG-1.0,4,Plan and Policy Development,4.3 Familiarity with states' and federal laws,single,recall,,,,,"In a state with a statutory consistency requirement, the practical effect on local decision-making is that:",The comprehensive plan must conform to the existing zoning map,"Zoning and development approvals must conform to the adopted comprehensive plan, making the plan legally operative rather than advisory",Local plans must be approved by the state legislature,Comprehensive plans may not be amended more than once per year,B,Consistency requirements elevate the plan from advisory guidance to a binding standard against which regulations and approvals are measured.,This reverses the relationship; the plan guides the zoning.,Consistency requirements elevate the plan from advisory guidance to a binding standard against which regulations and approvals are measured.,Legislative approval of local plans is not what consistency means.,Amendment frequency limits exist in some states but are a separate provision.,APA Content Outline 4.3; consistency doctrine,plan-making/consistency,TRUE,FALSE,review,All Aboard Planning,,2026-09-14
97,D2-13,DIAG-1.0,2,Fundamental Planning Knowledge,"2.7 Natural, social, and economic systems",roman,application,,,,,"A community is distinguishing resilience measures from mitigation measures in its climate work. Which are primarily adaptation or resilience measures rather than greenhouse gas mitigation?

I. Elevating critical facilities above the base flood elevation
II. Requiring electric vehicle charging infrastructure in new parking structures
III. Expanding the urban tree canopy in high heat-index neighborhoods
IV. Establishing redundant water supply interconnections with a neighboring utility",I and IV only,"I, III, and IV only",II and III only,"I, II, III, and IV",B,"Adaptation and resilience measures reduce vulnerability to climate effects already occurring. Elevation, canopy for heat, and redundant supply all do this; EV charging primarily reduces emissions.",Canopy expansion is a heat adaptation measure as well as a modest sink.,"Adaptation and resilience measures reduce vulnerability to climate effects already occurring. Elevation, canopy for heat, and redundant supply all do this; EV charging primarily reduces emissions.",EV infrastructure is mitigation; elevation and redundancy are omitted.,II is a mitigation measure.,APA Content Outline 2.7; climate adaptation vs mitigation,sustainability/adaptation-mitigation,FALSE,FALSE,review,All Aboard Planning,,2026-09-14
98,D4-13,DIAG-1.0,4,Plan and Policy Development,4.12 Community character and form,single,application,,,,,A plan calls for new infill development to be 'context-sensitive' in a neighborhood of one- and two-story bungalows. The most effective way to make that direction operative in the code is to:,Add a design review board with discretion to approve or deny based on compatibility,Reduce the maximum permitted density to prevent any change in character,"Establish measurable standards for height, setback, massing, and frontage that reflect the documented existing pattern",Require that all new buildings replicate bungalow architectural details,C,"Documented, measurable form standards give applicants predictability and give staff a defensible basis for decisions, which discretionary compatibility findings do not.",Unstructured discretion invites arbitrary and inconsistent outcomes and is difficult to defend.,"Density reduction addresses quantity, not the form questions that produce compatibility.","Documented, measurable form standards give applicants predictability and give staff a defensible basis for decisions, which discretionary compatibility findings do not.",Mandating architectural replication regulates style rather than context and is rarely defensible.,APA Content Outline 4.12,urban-design/context-sensitive-standards,TRUE,FALSE,review,All Aboard Planning,,2026-09-14
99,D2-14,DIAG-1.0,2,Fundamental Planning Knowledge,2.9 How technology can be used to advance planning,roman,analysis,,,,,"A mid-size city is evaluating a vendor proposal for a 'smart city' sensor network in the public right-of-way. Which concerns should the planner raise before adoption?

I. Whether data collected can identify individuals and how long it is retained
II. Whether the vendor contract gives the city ownership of and access to its own data
III. Whether coverage is distributed equitably rather than concentrated in high-income districts
IV. Whether the system will eliminate the need for public engagement on affected policies",I and II only,"II, III, and IV only","I, II, and III only","I, II, III, and IV",C,"Privacy and retention, data ownership, and equitable deployment are the core governance questions. Sensor data supplements engagement; it does not substitute for it.","Omits equitable distribution, a central planning concern.",IV states the opposite of professional obligation.,"Privacy and retention, data ownership, and equitable deployment are the core governance questions. Sensor data supplements engagement; it does not substitute for it.",IV is not a legitimate objective.,"APA Content Outline 2.9, 2.10; data privacy and confidentiality",technology/smart-cities,FALSE,FALSE,review,All Aboard Planning,,2026-09-14
100,D4-14,DIAG-1.0,4,Plan and Policy Development,4.14 Conversance with related disciplines,roman,recall,,,,,"A planner coordinating a corridor project must interpret work from several disciplines. Which pairings of term and discipline are correct?

I. Level of service: traffic engineering
II. Capitalization rate: real estate finance
III. Base flood elevation: floodplain management and engineering
IV. Rough proportionality: structural engineering",I and II only,"II, III, and IV only","I, II, III, and IV","I, II, and III only",D,"Level of service, capitalization rate, and base flood elevation are standard terms in traffic engineering, real estate finance, and floodplain management respectively. Rough proportionality is a legal standard from takings law.","Omits base flood elevation, a standard floodplain term.",IV misattributes a legal doctrine to engineering.,IV is incorrect.,"Level of service, capitalization rate, and base flood elevation are standard terms in traffic engineering, real estate finance, and floodplain management respectively. Rough proportionality is a legal standard from takings law.",APA Content Outline 4.14,fundamentals/related-disciplines,FALSE,FALSE,review,All Aboard Planning,,2026-09-14
